key,regime,split,trial,kind,family,ctrl,tag,fail,t_fail,RMSE,RMSE_pen,MAE,P95Error,MaxError,FinalError,ControlVariation,CPU_mean_ms,CPU_max_ms,qp_fail
mismatch|abl|0|pid_dob|n1,mismatch,abl,0,nominal,circle,pid_dob,,0,,0.061685616314340955,0.061685616314340955,0.05754689711602454,0.09467600594584985,0.1358402319718939,0.03614684108623369,11.92387420194977,0.4291176366700711,2.5000059999911173,0
mismatch|abl|0|physlag_mpc_dob|n1,mismatch,abl,0,nominal,circle,physlag_mpc_dob,,0,,0.08691139312847444,0.08691139312847444,0.07604829845543386,0.17693864532403517,0.30733464973683905,0.06564137078627427,11.477932051879296,1.9454658466671997,5.898490000163292,0
mismatch|abl|0|koop_mpc_dob|n1,mismatch,abl,0,nominal,circle,koop_mpc_dob,,0,,0.06595597962953333,0.06595597962953333,0.061948722417775354,0.09458431015245165,0.10065333428782279,0.09279306371421059,5.431954235010423,3.3745206416589704,10.887733999879856,0
mismatch|abl|0|koopstab_mpc_dob|n1,mismatch,abl,0,nominal,circle,koopstab_mpc_dob,,0,,0.32937446117140423,0.32937446117140423,0.3000505565652372,0.5553975163024749,0.6852109593096588,0.16457754387708146,4.82963733149644,3.5783865333344997,15.554944999621512,0
mismatch|abl|0|lqr_koopstab_dob|n1,mismatch,abl,0,nominal,circle,lqr_koopstab_dob,,0,,0.04328280638716588,0.04328280638716588,0.039896144392492554,0.06713636292096244,0.07194558417766966,0.020993496158464745,1.487759601425883,0.4107427383398014,5.504276000010577,0
mismatch|abl|0|lqr_koop_dob|n1,mismatch,abl,0,nominal,circle,lqr_koop_dob,,0,,0.03946360744596705,0.03946360744596705,0.03707013804722757,0.05669982653915728,0.0587735737802789,0.024421232893765233,4.760999203213196,0.3478100666651092,1.2684569996963546,0
mismatch|abl|0|koop_mpc|n1,mismatch,abl,0,nominal,circle,koop_mpc,,0,,0.10029510136147116,0.10029510136147116,0.06704262245064072,0.2461814344959545,0.3346441579934217,0.0535886949759368,5.394661729256404,2.140322473331556,10.290616000020236,0
mismatch|abl|0|physlag_mpc|n1,mismatch,abl,0,nominal,circle,physlag_mpc,,0,,0.08683602821400746,0.08683602821400746,0.07500627106511203,0.15912073579823308,0.2785629667627272,0.11740758524905699,5.918424143859855,1.802359124994079,6.018222999955469,0
mismatch|abl|0|koopstab_mpc|n1,mismatch,abl,0,nominal,circle,koopstab_mpc,,0,,0.23669216827627262,0.23669216827627262,0.22704796990784085,0.32867283629429583,0.369469472795302,0.11855990640157514,1.538463850734103,2.657836461662555,21.688022000034834,0
mismatch|abl|0|koop-lin_mpc_dob|n1,mismatch,abl,0,nominal,circle,koop-lin_mpc_dob,,1,1.4500000000000002,,1.0,0.10962692416024879,0.25349533281079595,0.337889398482928,0.337889398482928,45.616849054429764,5.292134206872012,11.53351599987218,0
mismatch|abl|0|phys_mpc_dob|n1,mismatch,abl,0,nominal,circle,phys_mpc_dob,,0,,0.29899676357176347,0.29899676357176347,0.2479261987218985,0.6044438642663198,0.9607789412430623,0.683906073033487,25.521845620748465,2.585094056663214,8.569432000058441,0
mismatch|abl|0|koop-drag_mpc_dob|n1,mismatch,abl,0,nominal,circle,koop-drag_mpc_dob,,1,1.8,,1.0,0.3613286227098188,1.9122357234861953,2.6614924359126095,2.6614924359126095,34.78026533279404,7.817236472280658,17.5562770000397,0
mismatch|abl|0|koop-lag_mpc_dob|n1,mismatch,abl,0,nominal,circle,koop-lag_mpc_dob,,0,,0.04997487910074054,0.04997487910074054,0.048886048218897596,0.06321921012707322,0.06688140174335981,0.058113936815548876,5.44091754134835,2.8348124383364848,10.136842000065371,0
mismatch|abl|0|koop-full_mpc_dob|n1,mismatch,abl,0,nominal,circle,koop-full_mpc_dob,,0,,0.06595597962953333,0.06595597962953333,0.061948722417775354,0.09458431015245165,0.10065333428782279,0.09279306371421059,5.431954235010423,2.881046409997907,11.594343000069784,0
mismatch|abl|1|pid_dob|n1,mismatch,abl,1,wind,circle,pid_dob,,1,15.950000000000001,,1.0,0.22008798763464804,0.5928995848471351,2.687154662779665,2.687154662779665,32.90125920309392,0.41707600315029963,1.4907670001775841,0
mismatch|abl|1|physlag_mpc_dob|n1,mismatch,abl,1,wind,circle,physlag_mpc_dob,,0,,0.2215974938443764,0.2215974938443764,0.2179721703298092,0.272017902282601,0.3700188916889351,0.2291902149911676,9.952220001581399,2.161895960007314,7.258632000230136,0
mismatch|abl|1|koopstab_mpc_dob|n1,mismatch,abl,1,wind,circle,koopstab_mpc_dob,,1,3.6,,1.0,0.5703988681339223,1.6771419398609608,2.6749690098411403,2.6749690098411403,1.7368339184182184,5.916033680591681,57.41297999975359,0
mismatch|abl|1|koop_mpc_dob|n1,mismatch,abl,1,wind,circle,koop_mpc_dob,,0,,0.14263467035437397,0.14263467035437397,0.13340436865014743,0.24041750493141137,0.3716277810536829,0.11709027337027496,30.390178150873357,2.2904185366686156,17.48802300016905,0
mismatch|abl|1|lqr_koopstab_dob|n1,mismatch,abl,1,wind,circle,lqr_koopstab_dob,,1,7.0,,1.0,0.8474771893428911,1.5502999601281349,2.831444283334386,2.831444283334386,2.2992562448786233,0.3448440499921292,0.6982479999351199,20
mismatch|abl|1|lqr_koop_dob|n1,mismatch,abl,1,wind,circle,lqr_koop_dob,,0,,0.23352243968675276,0.23352243968675276,0.22872099460260073,0.30435854890922676,0.31499692366020915,0.21145688505199794,4.568277846011208,0.5604637733366266,4.473433999919507,0
mismatch|abl|1|koop_mpc|n1,mismatch,abl,1,wind,circle,koop_mpc,,0,,0.3608610833574535,0.3608610833574535,0.3245567580371605,0.610389034660927,0.7571606290235227,0.4500337932416722,18.27072312579567,3.217572671681713,10.690416000215919,0
mismatch|abl|1|koopstab_mpc|n1,mismatch,abl,1,wind,circle,koopstab_mpc,,1,3.5,,1.0,0.5357522934773334,1.4534253180169048,1.817274179913037,1.817274179913037,1.6427428543645093,3.9002478857517935,19.741875000363507,0
mismatch|abl|1|physlag_mpc|n1,mismatch,abl,1,wind,circle,physlag_mpc,,0,,0.2806397823037204,0.2806397823037204,0.2735950667995379,0.3867272684086623,0.4066858236826883,0.26235655931787494,7.9451477808236435,2.495070373333116,7.99234800024351,0
mismatch|abl|1|koop-lin_mpc_dob|n1,mismatch,abl,1,wind,circle,koop-lin_mpc_dob,,1,1.7000000000000002,,1.0,0.18176312508806464,0.42959239164328494,0.6976924790619289,0.6976924790619289,58.554734760474986,3.8542166470479593,9.458202000132587,0
mismatch|abl|1|koop-drag_mpc_dob|n1,mismatch,abl,1,wind,circle,koop-drag_mpc_dob,,1,2.1,,1.0,0.14113063966677553,0.3225869132307492,0.33610759762581754,0.2065519553098402,89.54951057148429,3.7727442856867994,6.307833999926515,0
mismatch|abl|1|phys_mpc_dob|n1,mismatch,abl,1,wind,circle,phys_mpc_dob,,0,,0.3904327675597591,0.3904327675597591,0.3808076787412038,0.52318170950692,0.6219173066784064,0.3644724729680187,8.572465740277176,2.0445564066585575,6.1622590001206845,0
mismatch|abl|1|koop-lag_mpc_dob|n1,mismatch,abl,1,wind,circle,koop-lag_mpc_dob,,1,5.9,,1.0,0.30830060197584047,1.6001718851616689,2.9599796046393103,2.9599796046393103,2.8444652470295737,3.5967931864233527,20.06398599996828,0
mismatch|abl|2|pid_dob|n1,mismatch,abl,2,payload,circle,pid_dob,,0,,0.07514127992524909,0.07514127992524909,0.07380543740428777,0.09759414680259026,0.11102332396539288,0.07157938590220952,7.9539210127612705,0.4066420049988058,1.5032999999675667,0
mismatch|abl|1|koop-full_mpc_dob|n1,mismatch,abl,1,wind,circle,koop-full_mpc_dob,,0,,0.14263467035437397,0.14263467035437397,0.13340436865014743,0.24041750493141137,0.3716277810536829,0.11709027337027496,30.390178150873357,2.322674801669867,18.695783000111987,0
mismatch|abl|2|physlag_mpc_dob|n1,mismatch,abl,2,payload,circle,physlag_mpc_dob,,0,,0.19328016047326343,0.19328016047326343,0.1919791346101657,0.2040109700358691,0.20816920542835504,0.19781768034234126,0.36099421536532783,2.434385325018411,7.742402000076254,0
mismatch|abl|2|koopstab_mpc_dob|n1,mismatch,abl,2,payload,circle,koopstab_mpc_dob,,1,3.75,,1.0,0.5869287136158652,2.0040509825271235,2.91570015056238,2.91570015056238,2.07030270575107,7.659121360005277,41.48211999972773,0
mismatch|abl|2|koop_mpc_dob|n1,mismatch,abl,2,payload,circle,koop_mpc_dob,,0,,0.11535632833060201,0.11535632833060201,0.1136134365648393,0.14883299480961004,0.18917340899243448,0.09595638595023684,7.327737741965175,3.2805395750051503,10.257347999868216,0
mismatch|abl|2|lqr_koopstab_dob|n1,mismatch,abl,2,payload,circle,lqr_koopstab_dob,,1,6.55,,1.0,0.7502455744306449,1.5757708099778935,2.5850408326417598,2.5850408326417598,2.1143805430519067,0.6972509465642277,4.43098400000963,10
mismatch|abl|2|lqr_koop_dob|n1,mismatch,abl,2,payload,circle,lqr_koop_dob,,0,,0.2547392345542848,0.2547392345542848,0.23998597163052096,0.43943817410812896,0.5299937824437777,0.20957755326970745,5.828652306980702,0.42331619834006534,4.490620000069612,0
mismatch|abl|2|koop_mpc|n1,mismatch,abl,2,payload,circle,koop_mpc,,0,,0.29127552256799144,0.29127552256799144,0.2570849903924872,0.5394216400368765,0.6550656109463773,0.1506908082058182,10.353831766518935,2.2647959050057884,7.961062000049424,0
mismatch|abl|2|koopstab_mpc|n1,mismatch,abl,2,payload,circle,koopstab_mpc,,1,3.15,,1.0,0.6329638939773051,1.9171628113257495,2.7221476867915566,2.7221476867915566,2.6728676232826807,2.8691983333561755,18.234346000099322,0
mismatch|abl|2|physlag_mpc|n1,mismatch,abl,2,payload,circle,physlag_mpc,,0,,0.2174050357522673,0.2174050357522673,0.21577866472363819,0.23430024446943643,0.23585283667304457,0.21936159831927524,0.24741425336210943,1.7782855433317006,5.912690000059229,0
mismatch|abl|2|koop-lin_mpc_dob|n1,mismatch,abl,2,payload,circle,koop-lin_mpc_dob,,1,2.25,,1.0,0.15182910688649054,0.2753514141809036,0.5215196301104285,0.5215196301104285,59.239249949422906,3.470025022256272,6.698517000131687,0
mismatch|abl|2|koop-drag_mpc_dob|n1,mismatch,abl,2,payload,circle,koop-drag_mpc_dob,,1,1.6500000000000001,,1.0,0.14165523411518732,0.3619668268225965,0.3719291094176368,0.3212525178937509,25.520477204274506,3.4687492727078446,7.54693099997894,0
mismatch|abl|2|phys_mpc_dob|n1,mismatch,abl,2,payload,circle,phys_mpc_dob,,0,,0.30665637992992545,0.30665637992992545,0.30408453551282416,0.321875209255254,0.32539305098613885,0.3185564619898744,0.16792578050565893,1.7983977666752555,4.800105999947846,0
mismatch|abl|2|koop-lag_mpc_dob|n1,mismatch,abl,2,payload,circle,koop-lag_mpc_dob,,0,,0.11334415168726109,0.11334415168726109,0.11196033703814999,0.136192282672589,0.14639614521639102,0.09595023248817698,7.157862834151904,3.038380393341716,9.716114000184461,0
mismatch|abl|2|koop-full_mpc_dob|n1,mismatch,abl,2,payload,circle,koop-full_mpc_dob,,0,,0.11535632833060201,0.11535632833060201,0.1136134365648393,0.14883299480961004,0.18917340899243448,0.09595638595023684,7.327737741965175,3.2619556516760895,9.018568999636045,0
mismatch|abl|3|pid_dob|n1,mismatch,abl,3,combined,circle,pid_dob,,0,,0.03509046188803609,0.03509046188803609,0.03465344285921644,0.04398299852825248,0.05853700885922552,0.03873150156626099,1.0768504063690583,0.5865167416785274,4.677773000366869,0
mismatch|abl|3|physlag_mpc_dob|n1,mismatch,abl,3,combined,circle,physlag_mpc_dob,,0,,0.1371194063221262,0.1371194063221262,0.13571591043591583,0.16398505192431193,0.17622768904482503,0.13244966183868795,0.3153052438901327,1.977834479997303,6.1046850000821,0
mismatch|abl|3|koopstab_mpc_dob|n1,mismatch,abl,3,combined,circle,koopstab_mpc_dob,,1,4.15,,1.0,0.6122957643596816,2.000591342866031,2.8941145760024916,2.8941145760024916,2.8916007426592802,4.936524662681847,21.997340000325494,0
mismatch|abl|3|lqr_koopstab_dob|n1,mismatch,abl,3,combined,circle,lqr_koopstab_dob,,1,17.6,,1.0,0.5751145689067684,1.394783276612355,2.6469545689654432,2.6469545689654432,4.666696650247469,0.35434628125198164,1.311200000145618,9
mismatch|abl|3|koop_mpc_dob|n1,mismatch,abl,3,combined,circle,koop_mpc_dob,,0,,0.1317138959674913,0.1317138959674913,0.11187131500002143,0.2306695125390216,0.5108959006196098,0.14519546927236507,21.154038415683136,2.237064779994853,8.296824999888486,0
mismatch|abl|3|lqr_koop_dob|n1,mismatch,abl,3,combined,circle,lqr_koop_dob,,0,,0.12162455318739851,0.12162455318739851,0.11529042340328237,0.15268642703386795,0.1558368400783207,0.13113224882921007,5.34369676251475,0.35286130666994114,2.3734289998174063,0
mismatch|abl|3|koop_mpc|n1,mismatch,abl,3,combined,circle,koop_mpc,,0,,0.3070515211216923,0.3070515211216923,0.28239956654120657,0.45773842642027707,0.5365836988591172,0.22351277472916597,7.182842891574737,2.3152652599992507,6.224430000202119,0
mismatch|abl|3|koopstab_mpc|n1,mismatch,abl,3,combined,circle,koopstab_mpc,,1,3.55,,1.0,0.5989380585242345,1.8761820108092984,2.817752035862907,2.817752035862907,1.278141372793067,5.412880239450907,27.703040999767836,0
mismatch|abl|3|physlag_mpc|n1,mismatch,abl,3,combined,circle,physlag_mpc,,0,,0.14169900756705706,0.14169900756705706,0.13739104199548768,0.16614431571301452,0.16950822533203905,0.16285202536169824,0.22068816719934345,2.8061305849973905,6.0008519999428245,0
mismatch|abl|3|koop-lin_mpc_dob|n1,mismatch,abl,3,combined,circle,koop-lin_mpc_dob,,1,2.75,,1.0,0.44261518927535237,2.3443117793829304,2.826367468578274,2.826367468578274,93.85637773732635,5.314469236344104,13.475996000124724,0
mismatch|abl|3|koop-drag_mpc_dob|n1,mismatch,abl,3,combined,circle,koop-drag_mpc_dob,,1,2.6,,1.0,0.17989475671357624,0.5112224474522021,0.961607503920212,0.961607503920212,91.27684560907065,3.5461427884666383,7.000008999966667,0
mismatch|abl|3|phys_mpc_dob|n1,mismatch,abl,3,combined,circle,phys_mpc_dob,,0,,0.2166469129850741,0.2166469129850741,0.2140098161317196,0.2586885116240288,0.2768374734208637,0.2071500627858654,0.09508596776169484,2.465741721662198,6.869894999908865,0
mismatch|abl|3|koop-lag_mpc_dob|n1,mismatch,abl,3,combined,circle,koop-lag_mpc_dob,,0,,0.1248567774850772,0.1248567774850772,0.11082281949875447,0.25900932607081606,0.4114467387331003,0.10915469786836285,28.772631025520777,2.2661418666803,7.68924199974208,0
mismatch|abl|3|koop-full_mpc_dob|n1,mismatch,abl,3,combined,circle,koop-full_mpc_dob,,0,,0.1317138959674913,0.1317138959674913,0.11187131500002143,0.2306695125390216,0.5108959006196098,0.14519546927236507,21.154038415683136,2.259338920001331,6.284294000124646,0
mismatch|abl|4|pid_dob|n1,mismatch,abl,4,nominal,figure8,pid_dob,,0,,0.0542388702028218,0.0542388702028218,0.0541226517575907,0.05997892197076651,0.06452019459988095,0.05428864798584977,0.9069232134434957,0.42676239833857227,4.586176999964664,0
mismatch|abl|4|physlag_mpc_dob|n1,mismatch,abl,4,nominal,figure8,physlag_mpc_dob,,0,,0.19447895881211083,0.19447895881211083,0.19356856524376265,0.20135422271484843,0.20659473994449504,0.1944450166037484,0.3187179109399364,1.6275976350114736,5.690509000032762,0
mismatch|abl|4|koopstab_mpc_dob|n1,mismatch,abl,4,nominal,figure8,koopstab_mpc_dob,,1,2.4,,1.0,0.5997458124852463,2.2171898542549395,2.9034553884194727,2.9034553884194727,4.7458578025176354,8.399038666690709,26.49450600029013,0
mismatch|abl|4|lqr_koopstab_dob|n1,mismatch,abl,4,nominal,figure8,lqr_koopstab_dob,,1,3.65,,1.0,1.0282258506046853,2.3444665464985484,2.8723875744801455,2.8723875744801455,6.072173949529658,0.568428027385729,3.1127900001592934,57
mismatch|abl|4|koop_mpc_dob|n1,mismatch,abl,4,nominal,figure8,koop_mpc_dob,,1,17.55,,1.0,0.35253934829581396,0.6361029666810266,2.666318309820177,2.666318309820177,50.872934027789086,7.715331612545038,73.9539779997358,0
mismatch|abl|4|lqr_koop_dob|n1,mismatch,abl,4,nominal,figure8,lqr_koop_dob,,0,,0.45843536456168577,0.45843536456168577,0.45197733862236816,0.5267806723868643,0.549587802236102,0.48287005871261746,58.02927390081534,0.5247939683325361,4.381424000257539,526
mismatch|abl|4|koop_mpc|n1,mismatch,abl,4,nominal,figure8,koop_mpc,,0,,0.49284735483341086,0.49284735483341086,0.4628797435071944,0.7827724483680815,0.8860978362145784,0.42400922435254446,76.5764508573162,5.218115101669507,40.685972000119364,0
mismatch|abl|4|physlag_mpc|n1,mismatch,abl,4,nominal,figure8,physlag_mpc,,0,,0.21759240993722848,0.21759240993722848,0.21630246946822,0.2385311821329078,0.24045122273436578,0.20954589962486475,0.22959147043763864,1.5523893916808145,5.275661000268883,0
mismatch|abl|4|koopstab_mpc|n1,mismatch,abl,4,nominal,figure8,koopstab_mpc,,1,2.6,,1.0,0.7216129682430563,2.3344586737820303,2.8768364146158407,2.8768364146158407,4.99129333816375,4.152506576920482,8.645665000130975,0
mismatch|abl|4|koop-lin_mpc_dob|n1,mismatch,abl,4,nominal,figure8,koop-lin_mpc_dob,,1,2.35,,1.0,0.08512699790987252,0.20323161178514218,0.39339295007542263,0.39339295007542263,68.09186597204821,3.064106680820724,9.398132999649533,0
mismatch|abl|4|koop-drag_mpc_dob|n1,mismatch,abl,4,nominal,figure8,koop-drag_mpc_dob,,1,2.3,,1.0,0.0899550635839222,0.22243508382578553,0.33026408700175813,0.33026408700175813,68.13839977100693,2.9229402173907304,6.92554699980974,0
mismatch|abl|4|phys_mpc_dob|n1,mismatch,abl,4,nominal,figure8,phys_mpc_dob,,0,,0.30783388479649676,0.30783388479649676,0.3057205486322984,0.32319998389794474,0.3275245955486166,0.30595767599095536,0.08367005845448817,1.5956820533301652,5.8048519999829296,0
mismatch|abl|4|koop-lag_mpc_dob|n1,mismatch,abl,4,nominal,figure8,koop-lag_mpc_dob,,0,,0.3488027585838425,0.3488027585838425,0.32408056682239095,0.5547396099455711,0.8949651924317766,0.4372795416325716,83.28761434341043,5.411966623328226,76.69961800002056,0
mismatch|abl|4|koop-full_mpc_dob|n1,mismatch,abl,4,nominal,figure8,koop-full_mpc_dob,,1,17.55,,1.0,0.35253934829581396,0.6361029666810266,2.666318309820177,2.666318309820177,50.872934027789086,7.08343795442742,63.68754300001456,0
mismatch|abl|5|pid_dob|n1,mismatch,abl,5,wind,figure8,pid_dob,,0,,0.1009428451310055,0.1009428451310055,0.09514170246795982,0.16782200958114857,0.22678145528285976,0.08598516879891037,12.124209960183812,0.6892365400032455,5.474175000017567,0
mismatch|abl|5|physlag_mpc_dob|n1,mismatch,abl,5,wind,figure8,physlag_mpc_dob,,0,,0.19352115502991668,0.19352115502991668,0.18674881624292813,0.23807638975625753,0.41727951515587985,0.1948062107074404,0.510981361397441,2.2781166733276828,6.795782000153849,0
mismatch|abl|5|koopstab_mpc_dob|n1,mismatch,abl,5,wind,figure8,koopstab_mpc_dob,,1,3.0,,1.0,0.5330309404462312,2.277716986613032,2.997070128800511,2.997070128800511,1.6230109325811526,4.252150816637368,26.046215999940614,0
mismatch|abl|5|koop_mpc_dob|n1,mismatch,abl,5,wind,figure8,koop_mpc_dob,,1,11.650000000000002,,1.0,0.18313590522682605,0.3482800714062688,2.800041774738371,2.800041774738371,15.66472093874175,2.678332669507623,31.958020999809378,0
mismatch|abl|5|lqr_koopstab_dob|n1,mismatch,abl,5,wind,figure8,lqr_koopstab_dob,,1,4.95,,1.0,0.80910825447477,1.851648039064571,2.664012697467635,2.664012697467635,1.5235984931550066,0.3114355050695509,0.41565500032447744,9
mismatch|abl|5|koop_mpc|n1,mismatch,abl,5,wind,figure8,koop_mpc,,1,12.200000000000001,,1.0,0.40436359627977775,1.043257111408462,2.9527572118972745,2.9527572118972745,5.044734877240827,2.4023004426308185,10.44443799992223,0
mismatch|abl|5|lqr_koop_dob|n1,mismatch,abl,5,wind,figure8,lqr_koop_dob,,0,,0.30610571625971356,0.30610571625971356,0.2673810960536417,0.5847150419961463,0.7103627558954547,0.1918103972970418,5.521170209455552,0.3369481116563596,2.053659000011976,0
mismatch|abl|5|koopstab_mpc|n1,mismatch,abl,5,wind,figure8,koopstab_mpc,,1,3.1,,1.0,0.6522784352087846,2.303921352005548,2.9991335539187127,2.9991335539187127,1.9130829882804095,2.2762117096355663,7.669909000014741,0
mismatch|abl|5|physlag_mpc|n1,mismatch,abl,5,wind,figure8,physlag_mpc,,0,,0.36468547579384986,0.36468547579384986,0.3076123259081087,0.763181888437534,0.9099597585309259,0.2124286455359937,0.32571766609499664,1.5807163716469101,4.078069000115647,0
mismatch|abl|5|koop-lin_mpc_dob|n1,mismatch,abl,5,wind,figure8,koop-lin_mpc_dob,,1,1.55,,1.0,0.11213642384487109,0.2698344342627945,0.3230418829994078,0.3230418829994078,68.57955522392763,3.4157325806430188,6.144054999822401,0
mismatch|abl|5|koop-drag_mpc_dob|n1,mismatch,abl,5,wind,figure8,koop-drag_mpc_dob,,1,1.6500000000000001,,1.0,0.18449011171146648,0.6747467057714173,0.8938136297586027,0.8938136297586027,47.16547692456416,3.4213340908894625,6.51063899977089,0
mismatch|abl|5|phys_mpc_dob|n1,mismatch,abl,5,wind,figure8,phys_mpc_dob,,0,,0.34559539390638105,0.34559539390638105,0.330205770195387,0.5330156886613562,0.7356051350954006,0.3431602134310555,5.822505133133453,1.7086887633316412,5.740364999837766,0
mismatch|abl|5|koop-lag_mpc_dob|n1,mismatch,abl,5,wind,figure8,koop-lag_mpc_dob,,1,11.600000000000001,,1.0,0.2050303572734069,0.47157821670908406,2.61202425841893,2.61202425841893,19.092285376474727,4.655591806034675,70.57447900024272,0
mismatch|abl|5|koop-full_mpc_dob|n1,mismatch,abl,5,wind,figure8,koop-full_mpc_dob,,1,11.650000000000002,,1.0,0.18313590522682605,0.3482800714062688,2.800041774738371,2.800041774738371,15.66472093874175,4.712213579387806,62.93314999993527,0
mismatch|abl|6|pid_dob|n1,mismatch,abl,6,payload,figure8,pid_dob,,0,,0.021493057638782856,0.021493057638782856,0.01709312588150594,0.027268289359741404,0.11877574026558109,0.017505537759820385,1.3289061376021687,0.6254527833296682,4.475866000120732,0
mismatch|abl|6|physlag_mpc_dob|n1,mismatch,abl,6,payload,figure8,physlag_mpc_dob,,0,,0.047686956608274746,0.047686956608274746,0.0459900448742381,0.05293786425568373,0.13952224646589628,0.0501745674817296,0.5263758964022046,2.0945135616602784,7.786811000187299,0
mismatch|abl|6|koop_mpc_dob|n1,mismatch,abl,6,payload,figure8,koop_mpc_dob,,0,,0.12206124181080669,0.12206124181080669,0.10454198858355652,0.20705567468984076,0.27431149337257477,0.16204162175075246,15.47281012458914,2.0948382833368364,6.141933000435529,0
mismatch|abl|6|koopstab_mpc_dob|n1,mismatch,abl,6,payload,figure8,koopstab_mpc_dob,,1,21.500000000000004,,1.0,0.3270204667893841,0.6268493857313817,2.9519088169829555,2.9519088169829555,1.7394944774191572,2.3603698581324393,19.13466799987873,0
mismatch|abl|6|lqr_koopstab_dob|n1,mismatch,abl,6,payload,figure8,lqr_koopstab_dob,,0,,0.34335148615651623,0.34335148615651623,0.2748755277202626,0.538332624431644,0.5513815265759372,0.4918590395084213,1.9494684705599594,0.3392079699945801,2.4100150003505405,0
mismatch|abl|6|lqr_koop_dob|n1,mismatch,abl,6,payload,figure8,lqr_koop_dob,,0,,0.11670669241065008,0.11670669241065008,0.10145340326716176,0.1661124194780303,0.1693277044262154,0.149384832327663,5.788351515405839,0.33837178334124474,2.3983610003597278,0
mismatch|abl|6|koop_mpc|n1,mismatch,abl,6,payload,figure8,koop_mpc,,0,,0.1440891406888109,0.1440891406888109,0.1255487743118717,0.2122109458945417,0.22528033626234922,0.22528033626234922,7.506277649235301,2.859200768318715,9.30954199975531,0
mismatch|abl|6|physlag_mpc|n1,mismatch,abl,6,payload,figure8,physlag_mpc,,0,,0.20772028717498348,0.20772028717498348,0.1762910788866837,0.2835595122977754,0.292774605723267,0.2799519485264315,0.31048188702246615,2.502889263344817,5.927302000145573,0
mismatch|abl|6|koopstab_mpc|n1,mismatch,abl,6,payload,figure8,koopstab_mpc,,1,18.85,,1.0,0.30822867003004145,0.6217808481634799,2.801719234864975,2.801719234864975,1.920565752919422,2.967640575590622,40.152699000373104,0
mismatch|abl|6|koop-lin_mpc_dob|n1,mismatch,abl,6,payload,figure8,koop-lin_mpc_dob,,1,3.0,,1.0,0.41840762105901824,2.19432851124251,2.8185005496445212,2.8185005496445212,128.72219855257822,3.5796228333159283,8.229305999975622,0
mismatch|abl|6|koop-drag_mpc_dob|n1,mismatch,abl,6,payload,figure8,koop-drag_mpc_dob,,1,4.15,,1.0,0.4106541161134678,1.8831795547471393,2.981713310990108,2.981713310990108,129.0443806913557,3.353523578266778,5.766328999925463,0
mismatch|abl|6|phys_mpc_dob|n1,mismatch,abl,6,payload,figure8,phys_mpc_dob,,0,,0.07865874260166446,0.07865874260166446,0.07532264691767471,0.09244004302502734,0.22083711351912266,0.08090404635096028,0.2508586405972721,1.6916974166641314,6.322832000023482,0
mismatch|abl|6|koop-lag_mpc_dob|n1,mismatch,abl,6,payload,figure8,koop-lag_mpc_dob,,0,,0.07503572119975412,0.07503572119975412,0.06646796234554063,0.13480458947160812,0.17959802530068186,0.07004970551106228,15.113234882314277,2.1063136933366877,15.601904999584804,0
mismatch|abl|6|koop-full_mpc_dob|n1,mismatch,abl,6,payload,figure8,koop-full_mpc_dob,,0,,0.12206124181080669,0.12206124181080669,0.10454198858355652,0.20705567468984076,0.27431149337257477,0.16204162175075246,15.47281012458914,2.1067698483284403,6.04701699967336,0
mismatch|abl|7|pid_dob|n1,mismatch,abl,7,combined,figure8,pid_dob,,0,,0.0280872780194312,0.0280872780194312,0.026472409812564563,0.04932484490499051,0.06117862441057826,0.023812536567552292,0.8302949160828259,0.5253934550106957,4.459691000192834,0
mismatch|abl|7|physlag_mpc_dob|n1,mismatch,abl,7,combined,figure8,physlag_mpc_dob,,0,,0.08681972331123061,0.08681972331123061,0.08424188020282136,0.11349549941553745,0.17272747578883882,0.08491806951864674,0.3022108687415524,2.226647035001861,6.361188000028051,0
mismatch|abl|7|koop_mpc_dob|n1,mismatch,abl,7,combined,figure8,koop_mpc_dob,,0,,0.1295560933752296,0.1295560933752296,0.12154529188455991,0.2058925053631671,0.3382575269711862,0.06447617166847416,61.269309598902296,6.59099663167505,26.334813000175927,0
mismatch|abl|7|koopstab_mpc_dob|n1,mismatch,abl,7,combined,figure8,koopstab_mpc_dob,,0,,0.27982109318785175,0.27982109318785175,0.2625060531279539,0.46476273421804215,0.5662948533164212,0.24945266107688205,52.4714983053153,5.229589085001862,18.525124000007054,0
mismatch|abl|7|lqr_koopstab_dob|n1,mismatch,abl,7,combined,figure8,lqr_koopstab_dob,,0,,0.29864244012607777,0.29864244012607777,0.27868981545330423,0.4698577602816265,0.5203331690320753,0.2814578904909421,55.802327823618754,0.35340213832569134,4.499261999626469,578
mismatch|abl|7|lqr_koop_dob|n1,mismatch,abl,7,combined,figure8,lqr_koop_dob,,0,,0.2314222136187491,0.2314222136187491,0.20396055948284966,0.39801249643993186,0.6735991804511441,0.23181260992298944,59.0127364953662,0.3286264916793395,0.4830010002478957,506
mismatch|abl|7|physlag_mpc|n1,mismatch,abl,7,combined,figure8,physlag_mpc,,0,,0.19109133914962095,0.19109133914962095,0.1587837292376911,0.3647687699801294,0.3945408770134672,0.0998134286880467,0.212094226880958,1.806519773335064,7.413293999888992,0
mismatch|abl|7|koop_mpc|n1,mismatch,abl,7,combined,figure8,koop_mpc,,0,,0.2382162965674813,0.2382162965674813,0.21137878695229517,0.4262260472867667,0.6283219393679804,0.19943210414352358,60.76764715156036,7.03516454999999,34.03438599980291,0
mismatch|abl|7|koopstab_mpc|n1,mismatch,abl,7,combined,figure8,koopstab_mpc,,0,,0.2872913934830112,0.2872913934830112,0.26742230191620137,0.42675653423768795,0.4527667350297177,0.34438502635085244,52.56541884142814,6.380619201671986,21.282035000240285,0
mismatch|abl|7|phys_mpc_dob|n1,mismatch,abl,7,combined,figure8,phys_mpc_dob,,0,,0.14660776691870103,0.14660776691870103,0.14012432853281045,0.22299107974522295,0.31565809394371236,0.14251115341440213,0.0922857383229018,1.8434053566708524,7.343137000134448,0
mismatch|abl|7|koop-lin_mpc_dob|n1,mismatch,abl,7,combined,figure8,koop-lin_mpc_dob,,1,1.8,,1.0,0.39965063198075756,1.4102460293498082,1.7986935807486475,1.7986935807486475,24.017403341572006,3.178752499985017,6.252645999666129,0
mismatch|abl|7|koop-drag_mpc_dob|n1,mismatch,abl,7,combined,figure8,koop-drag_mpc_dob,,1,1.7500000000000002,,1.0,0.469923759841716,1.9100696290718358,2.145040207898488,2.145040207898488,33.71955841794534,3.426535314260296,6.2444570003208355,0
mismatch|abl|7|koop-full_mpc_dob|n1,mismatch,abl,7,combined,figure8,koop-full_mpc_dob,,0,,0.1295560933752296,0.1295560933752296,0.12154529188455991,0.2058925053631671,0.3382575269711862,0.06447617166847416,61.269309598902296,5.029036326672364,17.54109300009077,0
mismatch|abl|7|koop-lag_mpc_dob|n1,mismatch,abl,7,combined,figure8,koop-lag_mpc_dob,,0,,0.11941112955812719,0.11941112955812719,0.11468956291983858,0.16200874522149059,0.23684947988765384,0.06808237880500496,58.884602641585076,5.304000413348149,22.002783000061754,0
mismatch|abl|8|pid_dob|n1,mismatch,abl,8,nominal,agile,pid_dob,,0,,0.014242961810302842,0.014242961810302842,0.012054171250765683,0.02009834633932157,0.07097797062753923,0.012993757149757052,0.9564199111036058,0.5714441100076328,3.5418819998085382,0
mismatch|abl|8|physlag_mpc_dob|n1,mismatch,abl,8,nominal,agile,physlag_mpc_dob,,0,,0.03714052015369094,0.03714052015369094,0.03464982275430166,0.056295393265145786,0.07097797062753923,0.02645528180224054,0.3165018852307082,2.5943313983240537,7.899152999925718,0
mismatch|abl|8|koopstab_mpc_dob|n1,mismatch,abl,8,nominal,agile,koopstab_mpc_dob,,1,4.35,,1.0,0.39357408631531404,1.2337463722903084,2.611384263605033,2.611384263605033,8.34711422714686,8.705307678150577,40.20499499983998,0
mismatch|abl|8|lqr_koopstab_dob|n1,mismatch,abl,8,nominal,agile,lqr_koopstab_dob,,1,6.25,,1.0,0.6139508214995112,1.376796703160273,2.816653573736819,2.816653573736819,13.062451213043463,0.3259439680259675,0.4837980000047537,113
mismatch|abl|8|koop_mpc_dob|n1,mismatch,abl,8,nominal,agile,koop_mpc_dob,,0,,0.08769417070127414,0.08769417070127414,0.06862767073152284,0.13253745463802302,0.4105381568799673,0.09092565342694887,68.99156286086432,3.7248985350182315,22.662622000098054,0
mismatch|abl|8|lqr_koop_dob|n1,mismatch,abl,8,nominal,agile,lqr_koop_dob,,0,,0.14283103367897013,0.14283103367897013,0.1267923832366237,0.2392890874590209,0.2878816113781291,0.2878816113781291,63.88020032497792,0.338950225006253,3.41114100001505,587
mismatch|abl|8|koop_mpc|n1,mismatch,abl,8,nominal,agile,koop_mpc,,0,,0.17322051935974195,0.17322051935974195,0.14887816963417846,0.34042999632448956,0.4319552800910857,0.1836443946498218,63.80769098788573,2.807607591684397,10.086827999657544,0
mismatch|abl|8|physlag_mpc|n1,mismatch,abl,8,nominal,agile,physlag_mpc,,0,,0.05550502558139192,0.05550502558139192,0.04975225417194666,0.09480877660291849,0.10027709874914241,0.03617359783984987,0.23019122246759835,1.581517370010867,5.59973200006425,0
mismatch|abl|8|koopstab_mpc|n1,mismatch,abl,8,nominal,agile,koopstab_mpc,,1,4.35,,1.0,0.5231181613797713,1.7638513609703594,2.8070765185439743,2.8070765185439743,9.874747365682708,4.719527080490887,11.972575000072538,0
mismatch|abl|8|koop-lin_mpc_dob|n1,mismatch,abl,8,nominal,agile,koop-lin_mpc_dob,,1,1.3,,1.0,0.05104466910068409,0.13079492796753878,0.25598678159310767,0.25598678159310767,27.891960631189434,2.7712614615281312,5.591073999767104,0
mismatch|abl|8|koop-drag_mpc_dob|n1,mismatch,abl,8,nominal,agile,koop-drag_mpc_dob,,1,2.15,,1.0,0.541272692951177,2.156641181346617,2.7629342379326047,2.7629342379326047,69.51238447517737,3.342411930240159,8.272838000266347,0
mismatch|abl|8|phys_mpc_dob|n1,mismatch,abl,8,nominal,agile,phys_mpc_dob,,0,,0.06342847870252936,0.06342847870252936,0.05817938116616266,0.10486945039443381,0.10915343363509075,0.05233342511059784,0.08126993050435191,2.134305906655148,5.778134999673057,0
mismatch|abl|8|koop-lag_mpc_dob|n1,mismatch,abl,8,nominal,agile,koop-lag_mpc_dob,,0,,0.05695954006669031,0.05695954006669031,0.05164316818461963,0.09249958196168485,0.121966617393821,0.04218106076911386,63.91486975126982,4.721963183339237,23.36773600018205,0
mismatch|abl|8|koop-full_mpc_dob|n1,mismatch,abl,8,nominal,agile,koop-full_mpc_dob,,0,,0.08769417070127414,0.08769417070127414,0.06862767073152284,0.13253745463802302,0.4105381568799673,0.09092565342694887,68.99156286086432,3.88835121998909,23.038391999762098,0
mismatch|abl|9|pid_dob|n1,mismatch,abl,9,wind,agile,pid_dob,,0,,0.030431368517319143,0.030431368517319143,0.029173173418856634,0.04957520095378314,0.06279631825053156,0.028062171403648327,1.000915543987491,0.395970220010895,1.2648629999603145,0
mismatch|abl|9|physlag_mpc_dob|n1,mismatch,abl,9,wind,agile,physlag_mpc_dob,,0,,0.1051268116980208,0.1051268116980208,0.10325997365723022,0.13243378392924587,0.1814490767943623,0.10124825062582524,0.3651325102350685,1.6403690400034066,5.460856999889074,0
mismatch|abl|9|koopstab_mpc_dob|n1,mismatch,abl,9,wind,agile,koopstab_mpc_dob,,1,2.75,,1.0,0.5944567823161971,2.1416812864355994,2.797701878352177,2.797701878352177,4.716852813460887,4.858360581825267,19.870955999977014,0
mismatch|abl|9|lqr_koopstab_dob|n1,mismatch,abl,9,wind,agile,lqr_koopstab_dob,,1,4.55,,1.0,0.9060114725027613,1.883734691827084,2.90742886516542,2.90742886516542,9.520171562354308,0.3446310769564601,2.3266940002031333,84
mismatch|abl|9|koop_mpc_dob|n1,mismatch,abl,9,wind,agile,koop_mpc_dob,,0,,0.2211660219101128,0.2211660219101128,0.21588233129511328,0.26806508458888223,0.2784052253419316,0.2784052253419316,68.08421353857432,3.6053407433299376,11.186605999682797,0
mismatch|abl|9|lqr_koop_dob|n1,mismatch,abl,9,wind,agile,lqr_koop_dob,,0,,0.27681744170317524,0.27681744170317524,0.2634823129780329,0.3984178912804701,0.40882141509613906,0.3181061821437626,67.22033877571538,0.4039322616639159,3.450226999575534,595
mismatch|abl|9|koop_mpc|n1,mismatch,abl,9,wind,agile,koop_mpc,,0,,0.26131533580964766,0.26131533580964766,0.2539991195130336,0.32353826700342386,0.3355544372578503,0.31924470513375414,66.60491093795792,6.7314467783315495,28.8112859998364,0
mismatch|abl|9|physlag_mpc|n1,mismatch,abl,9,wind,agile,physlag_mpc,,0,,0.1312410459517769,0.1312410459517769,0.12164437487302772,0.2256961599894571,0.29297996422554223,0.1271398325142383,0.2564640549324608,2.1594329033473514,6.679734000044846,0
mismatch|abl|9|koopstab_mpc|n1,mismatch,abl,9,wind,agile,koopstab_mpc,,1,3.35,,1.0,0.8124538155976535,2.075975880666394,2.848384520390165,2.848384520390165,6.293801731854061,4.438754089556796,26.178554000125587,0
mismatch|abl|9|koop-lin_mpc_dob|n1,mismatch,abl,9,wind,agile,koop-lin_mpc_dob,,1,1.1,,1.0,0.052454497609807256,0.1394215123463717,0.23572665715640048,0.23572665715640048,4.468409898979561,3.247596999968168,6.8001479999111325,0
mismatch|abl|9|koop-drag_mpc_dob|n1,mismatch,abl,9,wind,agile,koop-drag_mpc_dob,,1,2.15,,1.0,0.6051330956314204,2.3022405819165273,2.7835947134838963,2.7835947134838963,63.06145608034665,3.3401400697521453,5.380221999985224,0
mismatch|abl|9|phys_mpc_dob|n1,mismatch,abl,9,wind,agile,phys_mpc_dob,,0,,0.17377262965360465,0.17377262965360465,0.16822475980390633,0.24777411700339297,0.30991216995367166,0.1683094567167832,0.10004682800046781,1.5952906016612662,5.218130000230303,0
mismatch|abl|9|koop-lag_mpc_dob|n1,mismatch,abl,9,wind,agile,koop-lag_mpc_dob,,0,,0.22379342822861423,0.22379342822861423,0.21778349207505385,0.27092211619770923,0.28363873049326377,0.1390109694776133,68.2938913024567,4.1654117700090865,13.309703999766498,0
mismatch|abl|9|koop-full_mpc_dob|n1,mismatch,abl,9,wind,agile,koop-full_mpc_dob,,0,,0.2211660219101128,0.2211660219101128,0.21588233129511328,0.26806508458888223,0.2784052253419316,0.2784052253419316,68.08421353857432,3.794624176663698,19.174265999936324,0
mismatch|abl|10|pid_dob|n1,mismatch,abl,10,payload,agile,pid_dob,,0,,0.10637572178331704,0.10637572178331704,0.1019927735281509,0.15448683560839985,0.18806265953983542,0.12463194593984243,10.876960238607113,0.4615654833287408,4.396678999910364,0
mismatch|abl|10|physlag_mpc_dob|n1,mismatch,abl,10,payload,agile,physlag_mpc_dob,,0,,0.1949235180691357,0.1949235180691357,0.1923411191599821,0.22410515173689682,0.2314462398564496,0.21714290657811622,0.48378091271318313,2.5927811533370004,7.476362999568664,0
mismatch|abl|10|koop_mpc_dob|n1,mismatch,abl,10,payload,agile,koop_mpc_dob,,0,,0.10619980910955125,0.10619980910955125,0.1041228086461034,0.1296067743817961,0.1366580860337556,0.09371614757452132,6.623807803438871,2.908070328346639,8.87108699998862,0
mismatch|abl|10|koopstab_mpc_dob|n1,mismatch,abl,10,payload,agile,koopstab_mpc_dob,,1,4.6,,1.0,0.625323662080376,1.7277217539445764,2.8120449937470196,2.8120449937470196,1.8338806660245268,4.870244608686454,34.42076600003929,0
mismatch|abl|10|lqr_koopstab_dob|n1,mismatch,abl,10,payload,agile,lqr_koopstab_dob,,1,6.75,,1.0,0.827500728524705,1.9404889686324254,2.761088950332672,2.761088950332672,1.4563351507856166,0.31529139259536926,0.47425200000361656,10
mismatch|abl|10|lqr_koop_dob|n1,mismatch,abl,10,payload,agile,lqr_koop_dob,,0,,0.2341442600249395,0.2341442600249395,0.22370526793581874,0.328474081528745,0.33458947522504756,0.2703543632917007,5.624774467227751,0.3306591900089491,1.5070049998939794,0
mismatch|abl|10|koop_mpc|n1,mismatch,abl,10,payload,agile,koop_mpc,,0,,0.29534953186555246,0.29534953186555246,0.252410771893999,0.6016760734551498,0.7785067759217761,0.23280231970770296,6.459679998282041,1.9109861483267803,5.428407000181323,0
mismatch|abl|10|koopstab_mpc|n1,mismatch,abl,10,payload,agile,koopstab_mpc,,1,4.8500000000000005,,1.0,0.6698800704320877,2.291546998523287,2.9943254648751023,2.9943254648751023,3.2925133304001015,2.296480195849485,12.814960000014253,0
mismatch|abl|10|physlag_mpc|n1,mismatch,abl,10,payload,agile,physlag_mpc,,0,,0.31732626234260836,0.31732626234260836,0.3023949805426216,0.40005458720703346,0.40438575514734976,0.398951730950958,0.30793874243847574,1.5917254999984227,5.614688000150636,0
mismatch|abl|10|koop-lin_mpc_dob|n1,mismatch,abl,10,payload,agile,koop-lin_mpc_dob,,1,1.2500000000000002,,1.0,0.09201700732315515,0.25481562620247,0.3508317199085582,0.3508317199085582,53.61737602353963,3.615858639986982,7.608303999859345,0
mismatch|abl|10|koop-drag_mpc_dob|n1,mismatch,abl,10,payload,agile,koop-drag_mpc_dob,,1,2.1999999999999997,,1.0,0.4503301745831194,1.6770897580486017,2.281404752215395,2.281404752215395,114.52877083620137,3.777444954556069,7.387500000277214,0
mismatch|abl|10|phys_mpc_dob|n1,mismatch,abl,10,payload,agile,phys_mpc_dob,,0,,0.3130164910979106,0.3130164910979106,0.30759353953415525,0.3681811633635792,0.37390580048206945,0.35722495112425257,0.23167192516515397,2.0180688599990995,6.040934999873571,0
mismatch|abl|10|koop-lag_mpc_dob|n1,mismatch,abl,10,payload,agile,koop-lag_mpc_dob,,0,,0.11637625422974489,0.11637625422974489,0.1148312057031241,0.1375055671967718,0.14410861892871632,0.09782943897620261,6.617357340695292,3.2662549033231394,8.428198000274278,0
mismatch|abl|10|koop-full_mpc_dob|n1,mismatch,abl,10,payload,agile,koop-full_mpc_dob,,0,,0.10619980910955125,0.10619980910955125,0.1041228086461034,0.1296067743817961,0.1366580860337556,0.09371614757452132,6.623807803438871,2.7775145533458576,8.119744999930845,0
mismatch|abl|11|pid_dob|n1,mismatch,abl,11,combined,agile,pid_dob,,0,,0.01929379385488895,0.01929379385488895,0.015455872768290206,0.04211227891326075,0.060645082993482126,0.00344706781174708,0.931200192369775,0.4105174500045905,3.1493289998252294,0
mismatch|abl|11|physlag_mpc_dob|n1,mismatch,abl,11,combined,agile,physlag_mpc_dob,,0,,0.04969069825653474,0.04969069825653474,0.044226421035457084,0.0865423668401835,0.10377594796275506,0.049119550435579154,0.3915630644814208,1.6581202316569943,5.783678999705444,0
mismatch|abl|11|koopstab_mpc_dob|n1,mismatch,abl,11,combined,agile,koopstab_mpc_dob,,1,6.0,,1.0,0.33344279264652293,0.5874867146206972,1.3734526320407854,1.3734526320407854,13.303031893860178,4.041366849980932,21.070282999971823,0
mismatch|abl|11|koop_mpc_dob|n1,mismatch,abl,11,combined,agile,koop_mpc_dob,,0,,0.12396647780405223,0.12396647780405223,0.11419066704521864,0.1865952355337682,0.2148985487210766,0.06618691806682368,70.82711813107396,4.1414077883374985,13.037297999744624,0
mismatch|abl|11|lqr_koopstab_dob|n1,mismatch,abl,11,combined,agile,lqr_koopstab_dob,,0,,0.47391098888634664,0.47391098888634664,0.4208346719225797,0.7939854181490574,1.2329231173503725,0.5671098420494672,69.14064176985254,0.3547593566509022,4.783877999670949,588
mismatch|abl|11|lqr_koop_dob|n1,mismatch,abl,11,combined,agile,lqr_koop_dob,,0,,0.21195945468252256,0.21195945468252256,0.1976256469895072,0.3314454784452326,0.3601961385059781,0.1849144154366229,71.19738628468099,0.5231256599950029,4.480544000216469,581
mismatch|abl|11|koop_mpc|n1,mismatch,abl,11,combined,agile,koop_mpc,,0,,0.15153762407024066,0.15153762407024066,0.14452564065920678,0.22279675591676718,0.2522555146782862,0.22613679258592115,69.94193388965134,6.032754399996823,23.045601999911014,0
mismatch|abl|11|physlag_mpc|n1,mismatch,abl,11,combined,agile,physlag_mpc,,0,,0.17685199101264132,0.17685199101264132,0.1580781011229816,0.3289507776881934,0.36102003284928197,0.16549847770776926,0.2657298312968022,1.822739601665641,5.991372000153206,0
mismatch|abl|11|koopstab_mpc|n1,mismatch,abl,11,combined,agile,koopstab_mpc,,1,12.750000000000002,,1.0,0.31585674922198453,0.5633934100400252,2.740454009787932,2.740454009787932,28.63385486365693,3.679111160805655,42.13582400006999,0
mismatch|abl|11|koop-lin_mpc_dob|n1,mismatch,abl,11,combined,agile,koop-lin_mpc_dob,,1,1.05,,1.0,0.05944560956747689,0.12532095893758396,0.17973786986922505,0.17973786986922505,14.139166640629108,3.120508238095811,8.39671299991096,0
mismatch|abl|11|koop-drag_mpc_dob|n1,mismatch,abl,11,combined,agile,koop-drag_mpc_dob,,1,1.2000000000000002,,1.0,0.07759908227903393,0.259047962707135,0.3672170177894622,0.3672170177894622,37.07977791400694,2.9623084167080074,5.106225999952585,0
mismatch|abl|11|phys_mpc_dob|n1,mismatch,abl,11,combined,agile,phys_mpc_dob,,0,,0.08919686629469989,0.08919686629469989,0.07882493535606006,0.15873530251190282,0.18380637913737474,0.07844948752352979,0.12227009235645503,1.6247444316582005,8.263861000159523,0
mismatch|abl|11|koop-lag_mpc_dob|n1,mismatch,abl,11,combined,agile,koop-lag_mpc_dob,,0,,0.10966024756209389,0.10966024756209389,0.09951935436624966,0.1696909981729162,0.26497849428542725,0.10124695177202153,70.75213950924667,5.070058216670077,33.420066999951814,0
mismatch|abl|11|koop-full_mpc_dob|n1,mismatch,abl,11,combined,agile,koop-full_mpc_dob,,0,,0.12396647780405223,0.12396647780405223,0.11419066704521864,0.1865952355337682,0.2148985487210766,0.06618691806682368,70.82711813107396,5.2307239366731055,24.240941999778443,0
mismatch|abl|12|pid_dob|n1,mismatch,abl,12,nominal,circle,pid_dob,,0,,0.0519248183279558,0.0519248183279558,0.05175353122489975,0.05755480888469082,0.06616344246303783,0.0551807520778241,0.8913656330379454,0.61625614168103,4.501000999880489,0
mismatch|abl|12|koop_mpc_dob|n1,mismatch,abl,12,nominal,circle,koop_mpc_dob,,1,6.3,,1.0,0.5034180132198892,1.2045988646506385,2.86656361794434,2.86656361794434,21.198756586837824,6.127710134933295,21.77520699933666,0
mismatch|abl|12|koopstab_mpc_dob|n1,mismatch,abl,12,nominal,circle,koopstab_mpc_dob,,1,2.35,,1.0,0.5313882393910763,2.0329658627304164,2.953796372521837,2.953796372521837,3.163242483832645,7.462435106332277,26.174032000199077,0
mismatch|abl|12|lqr_koopstab_dob|n1,mismatch,abl,12,nominal,circle,lqr_koopstab_dob,,1,2.75,,1.0,0.5811805516141364,2.0955930320803904,2.8219287233184125,2.8219287233184125,4.844682876156221,0.3532010545313824,0.5090329996164655,39
mismatch|abl|12|physlag_mpc_dob|n1,mismatch,abl,12,nominal,circle,physlag_mpc_dob,,0,,0.18932112941032422,0.18932112941032422,0.18799738243957823,0.19760263437934944,0.19897844551950003,0.19586358586609992,0.31518739833279075,2.310193161662634,6.7120230005457415,0
mismatch|abl|12|lqr_koop_dob|n1,mismatch,abl,12,nominal,circle,lqr_koop_dob,,1,21.750000000000004,,1.0,0.3410626690402257,0.6170694204842362,2.8741735775060886,2.8741735775060886,45.51169687613552,0.3499870321801368,3.9890460002425243,365
mismatch|abl|12|koop_mpc|n1,mismatch,abl,12,nominal,circle,koop_mpc,,0,,0.2914829693915267,0.2914829693915267,0.2731435120146059,0.44666034415657485,0.6896956036287359,0.23515191553905448,72.19891497747713,4.545506553339085,16.884921999917424,0
mismatch|abl|12|physlag_mpc|n1,mismatch,abl,12,nominal,circle,physlag_mpc,,0,,0.20854477554677645,0.20854477554677645,0.20688728680285326,0.22206001605950645,0.22676261932180625,0.20585541724325054,0.22519543257786978,1.7375233866808533,7.841110000299523,0
mismatch|abl|12|koopstab_mpc|n1,mismatch,abl,12,nominal,circle,koopstab_mpc,,1,2.75,,1.0,0.6076209725720525,1.9759376783055507,2.7227993495244016,2.7227993495244016,3.2971691826693346,5.952339236318949,13.024484999732522,0
mismatch|abl|12|koop-lin_mpc_dob|n1,mismatch,abl,12,nominal,circle,koop-lin_mpc_dob,,1,1.2500000000000002,,1.0,0.0474084978632904,0.09294255289732088,0.1273026939659845,0.1273026939659845,18.026588549027576,3.0761447598342784,6.849289999991015,0
mismatch|abl|12|koop-drag_mpc_dob|n1,mismatch,abl,12,nominal,circle,koop-drag_mpc_dob,,1,1.35,,1.0,0.0742536287772922,0.24388448118935568,0.3621291245308942,0.3621291245308942,34.04405315735834,3.309821555612197,6.432747000872041,0
mismatch|abl|12|phys_mpc_dob|n1,mismatch,abl,12,nominal,circle,phys_mpc_dob,,0,,0.29988042892093614,0.29988042892093614,0.2971778442654087,0.31152450399778703,0.31893804378332014,0.3097119861688273,0.08260613279695074,2.503307455025,9.083093999834091,0
mismatch|abl|12|koop-full_mpc_dob|n1,mismatch,abl,12,nominal,circle,koop-full_mpc_dob,,1,6.3,,1.0,0.5034180132198892,1.2045988646506385,2.86656361794434,2.86656361794434,21.198756586837824,8.709601507927713,35.92744399975345,0
mismatch|abl|12|koop-lag_mpc_dob|n1,mismatch,abl,12,nominal,circle,koop-lag_mpc_dob,,0,,0.3172497232957848,0.3172497232957848,0.3038363129015347,0.48267401867110843,0.6092151442782096,0.2910598212497701,74.22894004262513,6.697475983329848,33.26703999937308,0
mismatch|abl|13|pid_dob|n1,mismatch,abl,13,wind,circle,pid_dob,,0,,0.05029634016424478,0.05029634016424478,0.049106723447075534,0.0716886998041279,0.08835884449600384,0.043697552420781126,1.0100760792880983,0.42368784165925416,4.5555730002888595,0
mismatch|abl|13|physlag_mpc_dob|n1,mismatch,abl,13,wind,circle,physlag_mpc_dob,,0,,0.19603345877713416,0.19603345877713416,0.19248875549899272,0.2639020758471477,0.3000449441929736,0.1896811293067795,0.35526905205845405,1.8137641700074407,6.048018000001321,0
mismatch|abl|13|koopstab_mpc_dob|n1,mismatch,abl,13,wind,circle,koopstab_mpc_dob,,1,2.35,,1.0,0.5008650967016401,1.750540370263515,2.737638968521516,2.737638968521516,5.1911566550923265,8.400217765928902,29.408186999717145,0
mismatch|abl|13|lqr_koopstab_dob|n1,mismatch,abl,13,wind,circle,lqr_koopstab_dob,,1,2.75,,1.0,0.5725309735475016,1.9476623763782537,2.933572432014137,2.933572432014137,4.388084506175473,0.33575889093216654,1.0686149998946348,37
mismatch|abl|13|lqr_koop_dob|n1,mismatch,abl,13,wind,circle,lqr_koop_dob,,1,5.0,,1.0,0.5746954325613841,1.9720024484033998,2.7603373642383233,2.7603373642383233,8.890295165835743,0.3394817100434011,1.0977800002365257,81
mismatch|abl|13|koop_mpc_dob|n1,mismatch,abl,13,wind,circle,koop_mpc_dob,,0,,0.33733865374138106,0.33733865374138106,0.31434720328957394,0.5632627238965888,0.7492571844457491,0.16891357747469815,82.46509356806507,4.6102724283294565,19.342829999914102,0
mismatch|abl|13|koop_mpc|n1,mismatch,abl,13,wind,circle,koop_mpc,,1,12.450000000000001,,1.0,0.40181462481791697,1.2541414346842066,2.9433039914826984,2.9433039914826984,36.731462334856374,4.662615574287989,18.85930200023722,0
mismatch|abl|13|koopstab_mpc|n1,mismatch,abl,13,wind,circle,koopstab_mpc,,1,5.3500000000000005,,1.0,0.5048852185162633,1.4782900670247903,2.969899470036331,2.969899470036331,11.408308888955645,5.526397859743768,17.45078000021749,0
mismatch|abl|13|physlag_mpc|n1,mismatch,abl,13,wind,circle,physlag_mpc,,0,,0.1910628774839399,0.1910628774839399,0.18418831177764203,0.22352881899093408,0.23863997789095984,0.2002589154815039,0.25005774816928555,2.760232999997546,6.790118999560946,0
mismatch|abl|13|koop-lin_mpc_dob|n1,mismatch,abl,13,wind,circle,koop-lin_mpc_dob,,1,1.7000000000000002,,1.0,0.05308190777426784,0.10516060198879748,0.14244875076486757,0.14244875076486757,33.43313220058286,4.279045235360921,7.031959999949322,0
mismatch|abl|13|koop-drag_mpc_dob|n1,mismatch,abl,13,wind,circle,koop-drag_mpc_dob,,1,1.6,,1.0,0.06792712761663214,0.21672021058693997,0.38676077543565623,0.38676077543565623,41.993686189503165,4.74966512501851,9.543146999931196,0
mismatch|abl|13|phys_mpc_dob|n1,mismatch,abl,13,wind,circle,phys_mpc_dob,,0,,0.31040037890188577,0.31040037890188577,0.3026496935723975,0.4250565731459607,0.4933866959648563,0.29999001213090376,0.09877493443039849,2.741620023349848,6.710214000122505,0
mismatch|abl|13|koop-lag_mpc_dob|n1,mismatch,abl,13,wind,circle,koop-lag_mpc_dob,,1,17.3,,1.0,0.371098403152594,0.9093317608898428,2.9139710507286014,2.9139710507286014,44.48771876277326,5.226435505762779,42.144443999859504,0
mismatch|abl|13|koop-full_mpc_dob|n1,mismatch,abl,13,wind,circle,koop-full_mpc_dob,,0,,0.33733865374138106,0.33733865374138106,0.31434720328957394,0.5632627238965888,0.7492571844457491,0.16891357747469815,82.46509356806507,4.5058904566531055,19.510133999574464,0
mismatch|abl|14|pid_dob|n1,mismatch,abl,14,payload,circle,pid_dob,,0,,0.03911700782743006,0.03911700782743006,0.038579776304398725,0.04778273944258473,0.063705898944369,0.04429020517696278,1.1902700932302783,0.398180956641833,1.5099510001164163,0
mismatch|abl|14|physlag_mpc_dob|n1,mismatch,abl,14,payload,circle,physlag_mpc_dob,,0,,0.14629453623254882,0.14629453623254882,0.14524198791826837,0.15832247169201394,0.16030985028023534,0.15659744424270053,0.3938662969325491,2.0578851116730825,6.551657999807503,0
mismatch|abl|14|koop_mpc_dob|n1,mismatch,abl,14,payload,circle,koop_mpc_dob,,0,,0.17822996565555635,0.17822996565555635,0.15950218572422617,0.3307257250682895,0.4560849971522907,0.1519838607947671,18.20610819562655,2.7749560200193932,12.269694999304193,0
mismatch|abl|14|lqr_koopstab_dob|n1,mismatch,abl,14,payload,circle,lqr_koopstab_dob,,0,,0.21475457215709223,0.21475457215709223,0.21170860767771188,0.25621049829141723,0.2579610344718506,0.19946469339504683,1.7507122964469326,0.5667017533293498,4.451279000022623,0
mismatch|abl|14|koopstab_mpc_dob|n1,mismatch,abl,14,payload,circle,koopstab_mpc_dob,,0,,0.3955192566659883,0.3955192566659883,0.35225175549935805,0.6724579215713049,0.7997132137126298,0.10727337233185211,3.618260047868585,3.253257351669466,36.77658899960079,0
mismatch|abl|14|lqr_koop_dob|n1,mismatch,abl,14,payload,circle,lqr_koop_dob,,0,,0.1143848840398934,0.1143848840398934,0.11227608220313963,0.1392784293258076,0.14311870378995928,0.11106649103308046,5.604844883478593,0.35588458000196016,2.426226999887149,0
mismatch|abl|14|koop_mpc|n1,mismatch,abl,14,payload,circle,koop_mpc,,0,,0.26772798854609947,0.26772798854609947,0.2491805161333926,0.39212338835841526,0.4521589774839209,0.386630822015516,8.09601629093621,2.1660075750090377,6.200408999575302,0
mismatch|abl|14|koopstab_mpc|n1,mismatch,abl,14,payload,circle,koopstab_mpc,,1,4.7,,1.0,0.5242359289040883,1.759251759247268,2.8199365209826683,2.8199365209826683,1.6837320570877552,2.5173143404533627,12.49771599941596,0
mismatch|abl|14|physlag_mpc|n1,mismatch,abl,14,payload,circle,physlag_mpc,,0,,0.1693419586873918,0.1693419586873918,0.1679832793740921,0.18833499799926776,0.19030740032253063,0.1798827655907913,0.2598456277849159,1.7704155433330016,5.866155000148865,0
mismatch|abl|14|koop-lin_mpc_dob|n1,mismatch,abl,14,payload,circle,koop-lin_mpc_dob,,1,2.6,,1.0,0.45016781326603145,1.6862438464408165,2.892262359518308,2.892262359518308,94.8314834146121,3.549342211482116,6.507893000161857,0
mismatch|abl|14|koop-drag_mpc_dob|n1,mismatch,abl,14,payload,circle,koop-drag_mpc_dob,,1,2.15,,1.0,0.3622665869541332,1.253265636288059,1.6164647989579015,1.6164647989579015,79.6387393464986,3.4383265348752015,8.588315000451985,0
mismatch|abl|14|phys_mpc_dob|n1,mismatch,abl,14,payload,circle,phys_mpc_dob,,0,,0.23231943027673782,0.23231943027673782,0.23020989653543847,0.2513303951262076,0.2544626605688724,0.24553706783778376,0.13857829910790428,2.0209456366607506,6.255900999349251,0
mismatch|abl|14|koop-lag_mpc_dob|n1,mismatch,abl,14,payload,circle,koop-lag_mpc_dob,,0,,0.1483241347678183,0.1483241347678183,0.1311138441632941,0.22549108101711,0.5801643702686132,0.16398247628280926,24.622412696879774,3.7277912233366806,20.29650100030267,0
mismatch|abl|14|koop-full_mpc_dob|n1,mismatch,abl,14,payload,circle,koop-full_mpc_dob,,0,,0.17822996565555635,0.17822996565555635,0.15950218572422617,0.3307257250682895,0.4560849971522907,0.1519838607947671,18.20610819562655,3.3005573416479215,13.303715000802185,0
mismatch|abl|15|pid_dob|n1,mismatch,abl,15,combined,circle,pid_dob,,0,,0.10709745338356626,0.10709745338356626,0.10037825919320408,0.16350515528889714,0.23922224210840684,0.0994429846903572,16.561765869347017,0.40890461165872694,1.2739529993268661,0
mismatch|abl|15|physlag_mpc_dob|n1,mismatch,abl,15,combined,circle,physlag_mpc_dob,,0,,0.2091778320824798,0.2091778320824798,0.18256365690739404,0.41689503908379777,0.5275070862539036,0.10041090259158307,24.113569748747068,1.9811010933123423,5.944226000792696,0
mismatch|abl|15|koopstab_mpc_dob|n1,mismatch,abl,15,combined,circle,koopstab_mpc_dob,,1,6.3500000000000005,,1.0,0.3649493339022607,1.0956270472562812,2.967079782180513,2.967079782180513,1.9673076213504221,3.3752889685202954,17.320508000011614,0
mismatch|abl|15|koop_mpc_dob|n1,mismatch,abl,15,combined,circle,koop_mpc_dob,,0,,0.08288349871934375,0.08288349871934375,0.07932685486832747,0.12719234838339505,0.1806309145213558,0.07938921124208356,8.130673955488191,2.1859795466934884,8.608067000750452,0
mismatch|abl|15|lqr_koopstab_dob|n1,mismatch,abl,15,combined,circle,lqr_koopstab_dob,,0,,0.27287359394367805,0.27287359394367805,0.25673630755882454,0.42602518083573593,0.5151980933901347,0.447065427952534,1.7111425452186433,0.3491753233295943,2.1249820001685293,0
mismatch|abl|15|lqr_koop_dob|n1,mismatch,abl,15,combined,circle,lqr_koop_dob,,0,,0.1383642657237342,0.1383642657237342,0.12594301280226858,0.28077750501555604,0.39434956357957246,0.10744078856428345,5.556269323532223,0.4585737650010439,4.412044999298814,0
mismatch|abl|15|koop_mpc|n1,mismatch,abl,15,combined,circle,koop_mpc,,0,,0.18160868516079115,0.18160868516079115,0.15274419648641271,0.39663128019050975,0.5246657201028138,0.18403116394910793,13.649886728926209,3.41483673334551,10.673312000108126,0
mismatch|abl|15|koopstab_mpc|n1,mismatch,abl,15,combined,circle,koopstab_mpc,,1,6.0,,1.0,0.4756809205486725,1.548718457950799,2.998165773624288,2.998165773624288,1.4572524567947742,2.751940974978121,12.584878000780009,0
mismatch|abl|15|physlag_mpc|n1,mismatch,abl,15,combined,circle,physlag_mpc,,0,,0.22872221399219064,0.22872221399219064,0.21114708470666754,0.37517084929465067,0.4247868805750634,0.12639019863654588,18.697921702485583,2.659959845004778,8.200641999792424,0
mismatch|abl|15|koop-lin_mpc_dob|n1,mismatch,abl,15,combined,circle,koop-lin_mpc_dob,,1,2.15,,1.0,0.6181098389132601,2.1737372651947084,2.90287956017754,2.90287956017754,96.7473398538963,3.586629627936291,6.814092999775312,0
mismatch|abl|15|koop-drag_mpc_dob|n1,mismatch,abl,15,combined,circle,koop-drag_mpc_dob,,1,2.15,,1.0,0.5417086207092043,2.2668481666770286,2.760469319767951,2.760469319767951,61.900321672857665,3.5882799534298355,7.169219999923371,0
mismatch|abl|15|phys_mpc_dob|n1,mismatch,abl,15,combined,circle,phys_mpc_dob,,0,,0.4841481661348696,0.4841481661348696,0.43261491279356534,0.8165500240092135,1.245691777357651,1.245691777357651,41.29190845019866,1.9707165666856479,6.711074999657285,0
mismatch|abl|15|koop-lag_mpc_dob|n1,mismatch,abl,15,combined,circle,koop-lag_mpc_dob,,0,,0.07434593732562272,0.07434593732562272,0.07131018349792112,0.10735989449065726,0.19629788329807593,0.06087690136475296,9.90573091519056,2.1779316949914573,6.491970999377372,0
mismatch|abl|15|koop-full_mpc_dob|n1,mismatch,abl,15,combined,circle,koop-full_mpc_dob,,0,,0.08288349871934375,0.08288349871934375,0.07932685486832747,0.12719234838339505,0.1806309145213558,0.07938921124208356,8.130673955488191,2.265852026647129,9.634548000576615,0
mismatch|abl|16|pid_dob|n1,mismatch,abl,16,nominal,figure8,pid_dob,,0,,0.08471312698749024,0.08471312698749024,0.07498256667044235,0.16891642694135964,0.21036815734091538,0.09638735909635307,16.290555587716465,0.408961638342286,2.495920000001206,0
mismatch|abl|16|physlag_mpc_dob|n1,mismatch,abl,16,nominal,figure8,physlag_mpc_dob,,0,,0.1397095322108507,0.1397095322108507,0.13272202792016377,0.22240732157944723,0.3703692959949085,0.11644845307834792,7.7894173492651495,2.7998627483293603,7.047162000162643,0
mismatch|abl|16|koop_mpc_dob|n1,mismatch,abl,16,nominal,figure8,koop_mpc_dob,,0,,0.1944984142280219,0.1944984142280219,0.18527832810498826,0.2770380115695983,0.3324003301390725,0.19152393409621826,5.863303847551233,3.135498189972168,10.323611999410787,0
mismatch|abl|16|lqr_koopstab_dob|n1,mismatch,abl,16,nominal,figure8,lqr_koopstab_dob,,0,,0.20577805993711482,0.20577805993711482,0.19624647833760617,0.2843344541799674,0.29349306625547167,0.26506455601045964,1.3526919749626605,0.34951791167713964,4.483411999899545,0
mismatch|abl|16|koopstab_mpc_dob|n1,mismatch,abl,16,nominal,figure8,koopstab_mpc_dob,,0,,0.3531443185258315,0.3531443185258315,0.320681305896412,0.6096776604681643,0.8016912720631538,0.21038398219132418,14.290498397616517,2.0755641533287417,6.606850000025588,0
mismatch|abl|16|lqr_koop_dob|n1,mismatch,abl,16,nominal,figure8,lqr_koop_dob,,0,,0.09718057546483817,0.09718057546483817,0.08100472537345116,0.20820310288580932,0.2695678134481947,0.15072801724008644,4.596865820215129,0.3368425966588499,2.4380220002058195,0
mismatch|abl|16|koop_mpc|n1,mismatch,abl,16,nominal,figure8,koop_mpc,,0,,0.16921170657696577,0.16921170657696577,0.1308273898219892,0.3581648157007559,0.47124967440127485,0.06444374295659332,8.637782501164354,1.9644660499807287,6.020306999744207,0
mismatch|abl|16|physlag_mpc|n1,mismatch,abl,16,nominal,figure8,physlag_mpc,,0,,0.1462458390171039,0.1462458390171039,0.14404781476372525,0.18127880235116747,0.3187540125747327,0.15203288750044952,3.5837757200057903,1.9027548849802163,7.010743999671831,0
mismatch|abl|16|koopstab_mpc|n1,mismatch,abl,16,nominal,figure8,koopstab_mpc,,0,,0.26378324954151544,0.26378324954151544,0.2554723652075108,0.36026604214739116,0.40101845511794476,0.32284919993142214,2.1606365190354753,2.87201037330154,6.406163000065135,0
mismatch|abl|16|koop-lin_mpc_dob|n1,mismatch,abl,16,nominal,figure8,koop-lin_mpc_dob,,1,1.5000000000000002,,1.0,0.1947869864334896,0.6158425871135976,0.7583885400111433,0.7583885400111433,69.93865163537524,5.766084433374393,11.619695999797841,0
mismatch|abl|16|koop-drag_mpc_dob|n1,mismatch,abl,16,nominal,figure8,koop-drag_mpc_dob,,1,2.25,,1.0,0.484481095260927,1.8495407451091626,2.7317535738919374,2.7317535738919374,92.46013612559163,5.923152199991616,10.525955999582948,0
mismatch|abl|16|phys_mpc_dob|n1,mismatch,abl,16,nominal,figure8,phys_mpc_dob,,0,,0.3312803546048154,0.3312803546048154,0.3081087478199417,0.5812726408222199,0.6537420211131396,0.32548432420590934,17.50202683165806,2.397913184978885,6.590849000531307,0
mismatch|abl|16|koop-lag_mpc_dob|n1,mismatch,abl,16,nominal,figure8,koop-lag_mpc_dob,,0,,0.140714258001444,0.140714258001444,0.13785356713184294,0.17511138554617797,0.18957180406160778,0.15138975972907398,5.673719547568616,2.0419093599836438,7.802250999702665,0
mismatch|abl|16|koop-full_mpc_dob|n1,mismatch,abl,16,nominal,figure8,koop-full_mpc_dob,,0,,0.1944984142280219,0.1944984142280219,0.18527832810498826,0.2770380115695983,0.3324003301390725,0.19152393409621826,5.863303847551233,2.052943731656948,10.211908999735897,0
mismatch|abl|17|pid_dob|n1,mismatch,abl,17,wind,figure8,pid_dob,,0,,0.048194775548826146,0.048194775548826146,0.0468664195725105,0.07200804483843769,0.09387882196925619,0.046389601252636116,1.2674781021413477,0.40726815667161037,2.048423999440274,0
mismatch|abl|17|physlag_mpc_dob|n1,mismatch,abl,17,wind,figure8,physlag_mpc_dob,,0,,0.17455858247257014,0.17455858247257014,0.1718266530755538,0.2254613025257621,0.25124846486180435,0.1703285239774333,0.4230882586945221,1.6715001316849036,6.706234999910521,0
mismatch|abl|17|koop_mpc_dob|n1,mismatch,abl,17,wind,figure8,koop_mpc_dob,,0,,0.22832500919292575,0.22832500919292575,0.2086683926196718,0.4017606109859111,0.5445162702691615,0.28818401850334946,38.49975349792761,4.050533458330392,28.61580300032074,0
mismatch|abl|17|koopstab_mpc_dob|n1,mismatch,abl,17,wind,figure8,koopstab_mpc_dob,,0,,0.35353000865941675,0.35353000865941675,0.3238790969929157,0.5766999234653635,0.8408105012048751,0.219517535442993,17.73989109716277,3.3750971433422214,11.993819000053918,0
mismatch|abl|17|lqr_koopstab_dob|n1,mismatch,abl,17,wind,figure8,lqr_koopstab_dob,,0,,0.43479286049884297,0.43479286049884297,0.40663256388214547,0.7013679734698745,0.7978699574635996,0.39358498420999755,9.255671683793649,0.4276636266634644,4.421771000124863,11
mismatch|abl|17|lqr_koop_dob|n1,mismatch,abl,17,wind,figure8,lqr_koop_dob,,0,,0.2964069738497903,0.2964069738497903,0.23957015047203062,0.6133886978046409,0.8793275764483126,0.5793856400626646,30.042736410419895,0.3297653633232282,2.3770940006215824,67
mismatch|abl|17|koop_mpc|n1,mismatch,abl,17,wind,figure8,koop_mpc,,0,,0.2604765396650007,0.2604765396650007,0.21968563439047017,0.48390254713471126,0.6567508871184696,0.4201158534000765,45.167665055668294,2.868677038327405,13.28513499993278,0
mismatch|abl|17|physlag_mpc|n1,mismatch,abl,17,wind,figure8,physlag_mpc,,0,,0.27073647421824354,0.27073647421824354,0.2299908326721607,0.6075582634568613,0.7852523899491829,0.19218379434874447,0.27559871191150426,1.5676192716440103,7.183914000052027,0
mismatch|abl|17|koopstab_mpc|n1,mismatch,abl,17,wind,figure8,koopstab_mpc,,1,14.700000000000001,,1.0,0.3839066652606005,1.0350355009445589,2.28900364002215,2.28900364002215,7.935992423254112,2.2494818707743933,12.835200000154146,0
mismatch|abl|17|koop-lin_mpc_dob|n1,mismatch,abl,17,wind,figure8,koop-lin_mpc_dob,,1,1.1,,1.0,0.06373638521277057,0.1603497295303333,0.1997285172628938,0.1997285172628938,14.701766489744902,3.7138432727591533,11.248076999436307,0
mismatch|abl|17|koop-drag_mpc_dob|n1,mismatch,abl,17,wind,figure8,koop-drag_mpc_dob,,1,1.2000000000000002,,1.0,0.08711595766207932,0.2541106978170118,0.3148850426468443,0.3148850426468443,46.888550389955654,3.196582999976272,7.5547819997154875,0
mismatch|abl|17|phys_mpc_dob|n1,mismatch,abl,17,wind,figure8,phys_mpc_dob,,0,,0.2863810332136985,0.2863810332136985,0.27883350069539065,0.40557575869272733,0.4463738950350663,0.27311718654430306,0.15144425892695923,2.061937881680933,6.043558000783378,0
mismatch|abl|17|koop-lag_mpc_dob|n1,mismatch,abl,17,wind,figure8,koop-lag_mpc_dob,,0,,0.18809916911249164,0.18809916911249164,0.17960629946055456,0.2817207790171999,0.3407546824980866,0.13300729149221446,33.73682238314944,4.553183404999193,29.30112400008511,0
mismatch|abl|17|koop-full_mpc_dob|n1,mismatch,abl,17,wind,figure8,koop-full_mpc_dob,,0,,0.22832500919292575,0.22832500919292575,0.2086683926196718,0.4017606109859111,0.5445162702691615,0.28818401850334946,38.49975349792761,4.05381715501638,41.090982999776315,0
mismatch|abl|18|pid_dob|n1,mismatch,abl,18,payload,figure8,pid_dob,,0,,0.029528665167998562,0.029528665167998562,0.02863200933323513,0.04093552034211515,0.05077762626393425,0.025577726845927913,11.01092693872266,0.39971692500481976,3.3167410001624376,0
mismatch|abl|18|physlag_mpc_dob|n1,mismatch,abl,18,payload,figure8,physlag_mpc_dob,,0,,0.07709784180846412,0.07709784180846412,0.07689892446305129,0.08214098556959104,0.08494028320353318,0.07916066806418809,0.3463092520396518,1.6490533666592455,5.825527000524744,0
mismatch|abl|18|koopstab_mpc_dob|n1,mismatch,abl,18,payload,figure8,koopstab_mpc_dob,,1,7.1000000000000005,,1.0,0.35843404585949284,1.3018710794178863,2.9327834422924157,2.9327834422924157,2.414593027244802,3.221129112704071,31.346488000053796,0
mismatch|abl|18|koop_mpc_dob|n1,mismatch,abl,18,payload,figure8,koop_mpc_dob,,0,,0.13184138986733357,0.13184138986733357,0.10992101786762021,0.25604454656649334,0.44131380992150143,0.09987280490349922,13.973343192091319,2.0247240016639503,6.956813999750011,0
mismatch|abl|18|lqr_koopstab_dob|n1,mismatch,abl,18,payload,figure8,lqr_koopstab_dob,,0,,0.4760059825277415,0.4760059825277415,0.3956421690604576,0.9994124793640088,1.1247275920755653,0.512543527195414,2.1901928910629134,0.4100121899955411,4.505079999944428,0
mismatch|abl|18|lqr_koop_dob|n1,mismatch,abl,18,payload,figure8,lqr_koop_dob,,0,,0.06936041983149281,0.06936041983149281,0.06449561412995958,0.10815665737475463,0.11341327458808093,0.04461962608772086,5.915775786136301,0.4356478150172431,4.3892789999517845,0
mismatch|abl|18|physlag_mpc|n1,mismatch,abl,18,payload,figure8,physlag_mpc,,0,,0.08996207887513326,0.08996207887513326,0.08894170982710674,0.10923348078582913,0.11381246569491679,0.08398300719474416,0.24650806369522094,2.2904720533188083,5.989307999698212,0
mismatch|abl|18|koop_mpc|n1,mismatch,abl,18,payload,figure8,koop_mpc,,0,,0.28103071052404394,0.28103071052404394,0.2603567327363526,0.3833493228194545,0.4059416333699198,0.37723011827803143,6.4831691378807,2.8013116800002535,6.531533999805106,0
mismatch|abl|18|koopstab_mpc|n1,mismatch,abl,18,payload,figure8,koopstab_mpc,,1,5.6000000000000005,,1.0,0.48161383071405517,1.8209611173010853,2.9283981833162755,2.9283981833162755,2.3424505370498148,2.079764071457443,7.989183000063349,0
mismatch|abl|18|koop-lin_mpc_dob|n1,mismatch,abl,18,payload,figure8,koop-lin_mpc_dob,,1,2.95,,1.0,0.35907643028215025,1.9842729453067753,2.8024667625378346,2.8024667625378346,111.61640695935424,3.47331593228912,9.116286000789842,0
mismatch|abl|18|koop-drag_mpc_dob|n1,mismatch,abl,18,payload,figure8,koop-drag_mpc_dob,,1,2.1,,1.0,0.20344477524618598,0.8945332025527521,1.5456678611509502,1.5456678611509502,66.88350685426371,3.1110750476597917,5.469625999467098,0
mismatch|abl|18|phys_mpc_dob|n1,mismatch,abl,18,payload,figure8,phys_mpc_dob,,0,,0.1220498791227773,0.1220498791227773,0.12141523384657958,0.13452303440235253,0.1382420590108322,0.11977481142131621,0.096341448743623,1.633665454999876,6.528483000693086,0
mismatch|abl|18|koop-lag_mpc_dob|n1,mismatch,abl,18,payload,figure8,koop-lag_mpc_dob,,0,,0.10036101992623261,0.10036101992623261,0.08357579318099258,0.18282390442737673,0.4882158165449767,0.05803279056132842,21.556914131525566,2.072871245001503,13.010419000238471,0
mismatch|abl|18|koop-full_mpc_dob|n1,mismatch,abl,18,payload,figure8,koop-full_mpc_dob,,0,,0.13184138986733357,0.13184138986733357,0.10992101786762021,0.25604454656649334,0.44131380992150143,0.09987280490349922,13.973343192091319,2.138903045006373,7.323123999412928,0
mismatch|abl|19|pid_dob|n1,mismatch,abl,19,combined,figure8,pid_dob,,0,,0.027396983030346742,0.027396983030346742,0.02602546897722797,0.04664787883194573,0.05419065046664201,0.020142889456963086,1.0914183135203968,0.5148641916684937,4.498031999901286,0
mismatch|abl|19|physlag_mpc_dob|n1,mismatch,abl,19,combined,figure8,physlag_mpc_dob,,0,,0.10049950536354589,0.10049950536354589,0.0993637991347956,0.13188844605949857,0.1510769119572563,0.09063761700588521,0.3502688429614511,2.5032307383329075,7.659874999262684,0
mismatch|abl|19|koop_mpc_dob|n1,mismatch,abl,19,combined,figure8,koop_mpc_dob,,0,,0.13807248360972132,0.13807248360972132,0.13170615246151335,0.2166231793111624,0.29991973098879865,0.12367612416359997,56.28158951772163,6.600274580005134,23.754669000481954,0
mismatch|abl|19|koopstab_mpc_dob|n1,mismatch,abl,19,combined,figure8,koopstab_mpc_dob,,0,,0.34430131533610675,0.34430131533610675,0.3196533247947379,0.5154613945652887,0.6916091739192771,0.2507538216267444,51.90714653656944,4.419433201689269,9.208745999785606,0
mismatch|abl|19|lqr_koopstab_dob|n1,mismatch,abl,19,combined,figure8,lqr_koopstab_dob,,0,,0.37054945947954027,0.37054945947954027,0.3201632152036907,0.717434804149203,0.8271741242783415,0.48102422747552004,54.33804194497649,0.3308531433155319,2.7866720001838985,538
mismatch|abl|19|lqr_koop_dob|n1,mismatch,abl,19,combined,figure8,lqr_koop_dob,,0,,0.126878515308551,0.126878515308551,0.11981338080240779,0.21212421285526706,0.26309301081946596,0.09212422183710743,56.62893424964409,0.31920523999057576,1.0503839994271402,525
mismatch|abl|19|koop_mpc|n1,mismatch,abl,19,combined,figure8,koop_mpc,,0,,0.17903636763800448,0.17903636763800448,0.17014937675234762,0.27498987297514516,0.34206105231348305,0.28852108363727497,53.78450291759455,5.760318633354776,28.424828999959573,0
mismatch|abl|19|physlag_mpc|n1,mismatch,abl,19,combined,figure8,physlag_mpc,,0,,0.1788321878688811,0.1788321878688811,0.16662109627881208,0.3394927738127203,0.4239672386469535,0.1426982328886119,0.2356963027722936,2.2857576916612743,7.57963199976075,0
mismatch|abl|19|koopstab_mpc|n1,mismatch,abl,19,combined,figure8,koopstab_mpc,,1,6.6000000000000005,,1.0,0.43969913729893684,1.5358986981249374,2.974587889939917,2.974587889939917,11.78337969892205,7.044317469673402,16.49593099955382,0
mismatch|abl|19|koop-lin_mpc_dob|n1,mismatch,abl,19,combined,figure8,koop-lin_mpc_dob,,1,2.7,,1.0,0.3635885608990047,1.0817891770541677,2.222899253043466,2.222899253043466,127.7874625723554,4.612505648108506,10.809737999807112,0
mismatch|abl|19|koop-drag_mpc_dob|n1,mismatch,abl,19,combined,figure8,koop-drag_mpc_dob,,1,2.9,,1.0,0.3757451447841777,1.8389208797599064,2.6524971159783326,2.6524971159783326,87.44494051801301,3.459988706881318,8.627693999187613,0
mismatch|abl|19|phys_mpc_dob|n1,mismatch,abl,19,combined,figure8,phys_mpc_dob,,0,,0.16405596619182372,0.16405596619182372,0.1604181537168384,0.24239020386540372,0.292805028971441,0.1401198623464135,0.1311650712943935,1.8680675583436823,5.838731000039843,0
mismatch|abl|19|koop-lag_mpc_dob|n1,mismatch,abl,19,combined,figure8,koop-lag_mpc_dob,,0,,0.11452918298088557,0.11452918298088557,0.1108300448187534,0.15900165982596762,0.22101426807562494,0.11868998646471426,56.17434484680719,2.5538471266509077,10.055154999463412,0
mismatch|abl|20|pid_dob|n1,mismatch,abl,20,nominal,agile,pid_dob,,0,,0.04417202082146774,0.04417202082146774,0.04383285009404101,0.05288793179545457,0.058455539591714845,0.04708568781581339,0.8593730535861662,0.3940959733275425,4.134314000111772,0
mismatch|abl|19|koop-full_mpc_dob|n1,mismatch,abl,19,combined,figure8,koop-full_mpc_dob,,0,,0.13807248360972132,0.13807248360972132,0.13170615246151335,0.2166231793111624,0.29991973098879865,0.12367612416359997,56.28158951772163,4.887737113340336,19.32934300020861,0
mismatch|abl|20|physlag_mpc_dob|n1,mismatch,abl,20,nominal,agile,physlag_mpc_dob,,0,,0.16599252627154132,0.16599252627154132,0.1647126146898436,0.1890037022571149,0.19383311739248918,0.15620447584883992,0.36316829415813046,2.170073056675695,5.787571999462671,0
mismatch|abl|20|koopstab_mpc_dob|n1,mismatch,abl,20,nominal,agile,koopstab_mpc_dob,,1,3.45,,1.0,0.49766825936171555,1.6395714602920053,2.7901356065252116,2.7901356065252116,8.24426352900467,10.803886202916477,45.4698189996634,0
mismatch|abl|20|koop_mpc_dob|n1,mismatch,abl,20,nominal,agile,koop_mpc_dob,,0,,0.4325534683999126,0.4325534683999126,0.4280941702393877,0.4721707619412246,0.48905116837874923,0.4524223123187017,60.76323962196971,6.551401733345301,34.514953999860154,0
mismatch|abl|20|lqr_koopstab_dob|n1,mismatch,abl,20,nominal,agile,lqr_koopstab_dob,,1,23.55,,1.0,0.7733164032469769,1.3485929324429575,2.9837970408572887,2.9837970408572887,48.09740861791012,0.37541678771657455,2.414256000520254,400
mismatch|abl|20|lqr_koop_dob|n1,mismatch,abl,20,nominal,agile,lqr_koop_dob,,0,,0.35498272923315916,0.35498272923315916,0.3436716053964345,0.4630374284213474,0.48089945536298456,0.4259650701251689,60.85795470817809,0.32767012665923784,4.542828999547055,588
mismatch|abl|20|physlag_mpc|n1,mismatch,abl,20,nominal,agile,physlag_mpc,,0,,0.18815086162624464,0.18815086162624464,0.1845805829173907,0.24738295306220243,0.254090703193245,0.15356197636750127,0.2602544331816065,1.5441792833250172,5.134031999659783,0
mismatch|abl|20|koop_mpc|n1,mismatch,abl,20,nominal,agile,koop_mpc,,0,,0.39124766530020255,0.39124766530020255,0.3864139588049955,0.44393944571783917,0.4500834009591487,0.30945804325855064,59.58629999882034,4.833983915003349,20.948576000591856,0
mismatch|abl|20|koopstab_mpc|n1,mismatch,abl,20,nominal,agile,koopstab_mpc,,1,3.5,,1.0,0.5088724354109572,1.3247215699257988,2.595673020799025,2.595673020799025,9.122691654899063,6.160475085705132,36.249803999453434,0
mismatch|abl|20|koop-lin_mpc_dob|n1,mismatch,abl,20,nominal,agile,koop-lin_mpc_dob,,1,1.9000000000000001,,1.0,0.19417607059553552,0.9442657523912817,1.2186442544407083,1.2186442544407083,27.7959251996714,3.045293447365494,5.631820999951742,0
mismatch|abl|20|koop-drag_mpc_dob|n1,mismatch,abl,20,nominal,agile,koop-drag_mpc_dob,,1,3.3,,1.0,0.16226719287115934,0.6140438974288944,1.4126447014721433,1.4126447014721433,86.61270253291045,3.055507348494068,6.20562299991434,0
mismatch|abl|20|phys_mpc_dob|n1,mismatch,abl,20,nominal,agile,phys_mpc_dob,,0,,0.2634076357361109,0.2634076357361109,0.2599730315926561,0.31886277829686865,0.32469729324685703,0.24428415328011133,0.07619853478266621,2.0513693416675474,5.809436999697937,0
mismatch|abl|20|koop-lag_mpc_dob|n1,mismatch,abl,20,nominal,agile,koop-lag_mpc_dob,,0,,0.41963787314037043,0.41963787314037043,0.41513811497424,0.44971696313306553,0.46216686919573186,0.42704690977735693,60.84605619850376,6.660383888342949,29.131379000318702,0
mismatch|abl|20|koop-full_mpc_dob|n1,mismatch,abl,20,nominal,agile,koop-full_mpc_dob,,0,,0.4325534683999126,0.4325534683999126,0.4280941702393877,0.4721707619412246,0.48905116837874923,0.4524223123187017,60.76323962196971,5.635689380004199,27.261548000751645,0
mismatch|abl|21|pid_dob|n1,mismatch,abl,21,wind,agile,pid_dob,,0,,0.05318967444159049,0.05318967444159049,0.05248165249375585,0.06417543196447864,0.08731197243010658,0.06015087498873422,0.9615789192376625,0.4009472416631373,2.5173590001941193,0
mismatch|abl|21|koop_mpc_dob|n1,mismatch,abl,21,wind,agile,koop_mpc_dob,,1,3.8,,1.0,0.5577759308455383,2.1671749202100563,2.999918368569389,2.999918368569389,6.258715561808517,5.548420763213806,36.31219599992619,0
mismatch|abl|21|koopstab_mpc_dob|n1,mismatch,abl,21,wind,agile,koopstab_mpc_dob,,1,2.5,,1.0,0.8308440130975686,2.525129756856442,2.982076465150769,2.982076465150769,4.521782974500521,4.2325858200092625,10.880998000175168,0
mismatch|abl|21|lqr_koopstab_dob|n1,mismatch,abl,21,wind,agile,lqr_koopstab_dob,,1,3.1,,1.0,0.8744456087043241,2.353931511146006,2.8839336982072297,2.8839336982072297,6.156513384193879,0.32749593543896127,0.38831699930597097,38
mismatch|abl|21|physlag_mpc_dob|n1,mismatch,abl,21,wind,agile,physlag_mpc_dob,,0,,0.19436213604708014,0.19436213604708014,0.19131788631748334,0.24667372638744495,0.26803769536398925,0.18678454039502304,0.3505877639845225,1.6825540916776542,5.712782000045991,0
mismatch|abl|21|lqr_koop_dob|n1,mismatch,abl,21,wind,agile,lqr_koop_dob,,0,,0.42577297222073374,0.42577297222073374,0.4069570838583247,0.6057306806010497,0.6387969628427022,0.6054456674001039,53.545606643496015,0.3215564883278906,1.0175309998885496,586
mismatch|abl|21|physlag_mpc|n1,mismatch,abl,21,wind,agile,physlag_mpc,,0,,0.20863136602289692,0.20863136602289692,0.19731186724584465,0.29881387283350735,0.30724121655968145,0.19531421408631822,0.24756483674786037,2.411472686688588,7.50352999966708,0
mismatch|abl|21|koop_mpc|n1,mismatch,abl,21,wind,agile,koop_mpc,,0,,0.46122859655182014,0.46122859655182014,0.4220703917022958,0.7310700282182182,1.1952462164534037,0.3331642761751696,73.93698903041873,6.436919704989729,23.860762999902363,0
mismatch|abl|21|koopstab_mpc|n1,mismatch,abl,21,wind,agile,koopstab_mpc,,1,2.6,,1.0,0.7831481533222878,2.0347737717513503,2.798814983912817,2.798814983912817,4.682002056678409,9.163502903867574,51.84093399930134,0
mismatch|abl|21|koop-lin_mpc_dob|n1,mismatch,abl,21,wind,agile,koop-lin_mpc_dob,,1,2.75,,1.0,0.49966785961777693,2.2703750054398477,2.897508437508778,2.897508437508778,7.522824518245563,2.9320349091821383,6.854021999970428,0
mismatch|abl|21|koop-drag_mpc_dob|n1,mismatch,abl,21,wind,agile,koop-drag_mpc_dob,,1,3.45,,1.0,0.3677898469211633,1.9341928660178571,2.6722625921087673,2.6722625921087673,82.39552093792196,3.087529681117988,6.370862000039779,0
mismatch|abl|21|phys_mpc_dob|n1,mismatch,abl,21,wind,agile,phys_mpc_dob,,0,,0.31108943090949315,0.31108943090949315,0.3022717228596458,0.4216021702320663,0.4843911702888212,0.3097808276373463,0.09096188816218283,1.6751737783397402,5.604079000477213,0
mismatch|abl|21|koop-full_mpc_dob|n1,mismatch,abl,21,wind,agile,koop-full_mpc_dob,,1,3.8,,1.0,0.5577759308455383,2.1671749202100563,2.999918368569389,2.999918368569389,6.258715561808517,5.794014855298787,33.32421699997212,0
mismatch|abl|21|koop-lag_mpc_dob|n1,mismatch,abl,21,wind,agile,koop-lag_mpc_dob,,1,19.900000000000002,,1.0,0.29388611646248375,0.41999384101400516,1.1024447515481344,1.1024447515481344,51.51549652085655,4.102326954749451,14.851105000161624,0
mismatch|abl|22|pid_dob|n1,mismatch,abl,22,payload,agile,pid_dob,,0,,0.040392703779413064,0.040392703779413064,0.03911241266805559,0.058725511632663964,0.07103760931675371,0.04950802107836773,1.0899165215810245,0.43110203167392075,4.583023000122921,0
mismatch|abl|22|physlag_mpc_dob|n1,mismatch,abl,22,payload,agile,physlag_mpc_dob,,0,,0.14292901349850942,0.14292901349850942,0.14087552042120075,0.17752909637161726,0.18177083735558586,0.13896271864096066,0.6222368821632798,1.6792189367030612,5.88281399996049,0
mismatch|abl|22|koopstab_mpc_dob|n1,mismatch,abl,22,payload,agile,koopstab_mpc_dob,,1,3.1,,1.0,0.3887848810491243,0.6983183058496546,1.00501090708621,1.00501090708621,13.369927809071593,5.32767930649096,19.122025999422476,0
mismatch|abl|22|lqr_koopstab_dob|n1,mismatch,abl,22,payload,agile,lqr_koopstab_dob,,1,3.3,,1.0,0.9344537084548642,2.2666579620516663,2.8344541165647072,2.8344541165647072,6.900226077542206,0.3157479847383608,0.42626599952200195,55
mismatch|abl|22|lqr_koop_dob|n1,mismatch,abl,22,payload,agile,lqr_koop_dob,,0,,0.4211915773322648,0.4211915773322648,0.3977279014226615,0.6297239701895415,0.6853398909019934,0.45030221866650805,68.41245289923067,0.5676752350170015,4.424538999955985,593
mismatch|abl|22|koop_mpc_dob|n1,mismatch,abl,22,payload,agile,koop_mpc_dob,,0,,0.32093208259575295,0.32093208259575295,0.3102218846464845,0.4175237502503244,0.4492789103682516,0.35070341340330097,91.58663681035806,6.047406711660794,30.571724999390426,0
mismatch|abl|22|physlag_mpc|n1,mismatch,abl,22,payload,agile,physlag_mpc,,0,,0.17426786364496152,0.17426786364496152,0.16904135803312917,0.23561025871483257,0.24605802974238888,0.16278543209126917,0.4296205225033973,1.691606866662975,6.112369999755174,0
mismatch|abl|22|koopstab_mpc|n1,mismatch,abl,22,payload,agile,koopstab_mpc,,1,2.95,,1.0,0.6572447906167898,2.122672219660894,2.9049581815729986,2.9049581815729986,6.428900637179209,4.730884830524254,15.284762000192131,0
mismatch|abl|22|koop_mpc|n1,mismatch,abl,22,payload,agile,koop_mpc,,0,,0.40807412678484767,0.40807412678484767,0.3919912529909264,0.5930220690431923,0.7053331335051656,0.3938230643990019,93.90503848004334,4.5688387533285395,19.21443400078715,0
mismatch|abl|22|koop-lin_mpc_dob|n1,mismatch,abl,22,payload,agile,koop-lin_mpc_dob,,1,3.65,,1.0,0.4466562154836179,2.2317334111768603,2.6867255455824037,2.6867255455824037,134.69401389766918,3.489885424667043,8.208302000639378,0
mismatch|abl|22|koop-drag_mpc_dob|n1,mismatch,abl,22,payload,agile,koop-drag_mpc_dob,,1,3.05,,1.0,0.28198258585824176,1.4907669348961143,2.377532503575985,2.377532503575985,67.57815464865705,3.3659794425312,8.845211999869207,0
mismatch|abl|22|phys_mpc_dob|n1,mismatch,abl,22,payload,agile,phys_mpc_dob,,0,,0.2279037656259733,0.2279037656259733,0.22264522927028316,0.2991654739730319,0.31056908982875686,0.23063168746777904,0.14409149495981285,1.5994249216616179,5.144130000189762,0
mismatch|abl|22|koop-lag_mpc_dob|n1,mismatch,abl,22,payload,agile,koop-lag_mpc_dob,,1,14.450000000000001,,1.0,0.3385534756554425,0.50411384403958,2.7279380421404444,2.7279380421404444,48.245749817352134,4.6423970934326455,22.44060399971204,0
mismatch|abl|23|pid_dob|n1,mismatch,abl,23,combined,agile,pid_dob,,0,,0.06807816023670815,0.06807816023670815,0.06512032330414491,0.09784571305405147,0.12810333589187015,0.06595346318994705,1.1228265883775783,0.5424959016803163,4.474011000638711,0
mismatch|abl|22|koop-full_mpc_dob|n1,mismatch,abl,22,payload,agile,koop-full_mpc_dob,,0,,0.32093208259575295,0.32093208259575295,0.3102218846464845,0.4175237502503244,0.4492789103682516,0.35070341340330097,91.58663681035806,6.476364583357584,34.35541100043338,0
mismatch|abl|23|physlag_mpc_dob|n1,mismatch,abl,23,combined,agile,physlag_mpc_dob,,0,,0.20156473358816576,0.20156473358816576,0.19685531366978912,0.26668020007904397,0.28383620933273707,0.22581423447200574,0.45490673542275933,2.2168668866743246,5.8967240001948085,0
mismatch|abl|23|koopstab_mpc_dob|n1,mismatch,abl,23,combined,agile,koopstab_mpc_dob,,1,5.45,,1.0,0.4549857595027018,0.8408539170704504,2.6915708391948585,2.6915708391948585,10.818193681921166,4.909326348610227,31.249202999788395,0
mismatch|abl|23|lqr_koopstab_dob|n1,mismatch,abl,23,combined,agile,lqr_koopstab_dob,,0,,0.6253167105382353,0.6253167105382353,0.5869754913627836,1.0355973761987012,1.1235797677036667,0.510979751610251,52.18585272804096,0.3124508649883258,1.6060549996836926,574
mismatch|abl|23|koop_mpc_dob|n1,mismatch,abl,23,combined,agile,koop_mpc_dob,,0,,0.22666033275503647,0.22666033275503647,0.21839768034599388,0.3109731346460292,0.5268519688567184,0.25502356488368233,61.89963720258294,5.333321484962046,21.566995999819483,0
mismatch|abl|23|lqr_koop_dob|n1,mismatch,abl,23,combined,agile,lqr_koop_dob,,0,,0.352849073335887,0.352849073335887,0.33152961603495107,0.552250187960611,0.7299684573907324,0.2477304427644177,54.830332671346355,0.3172922350252823,3.673569999591564,528
mismatch|abl|23|koop_mpc|n1,mismatch,abl,23,combined,agile,koop_mpc,,0,,0.380558480659146,0.380558480659146,0.34630008288394654,0.6545337245044465,0.7748826872599319,0.28388297529674267,60.659584356752504,5.705730978329484,35.68515900042257,0
mismatch|abl|23|koopstab_mpc|n1,mismatch,abl,23,combined,agile,koopstab_mpc,,1,5.65,,1.0,0.5563595041430145,1.6259635795621092,2.782648569106973,2.782648569106973,9.361853029633584,4.6797096990858895,19.333144000484026,0
mismatch|abl|23|physlag_mpc|n1,mismatch,abl,23,combined,agile,physlag_mpc,,0,,0.30398618682028583,0.30398618682028583,0.2924070148731416,0.38603360848774454,0.38905003341133937,0.3840415856322959,0.30276102061975696,2.485313398345473,7.526766000410134,0
mismatch|abl|23|koop-lin_mpc_dob|n1,mismatch,abl,23,combined,agile,koop-lin_mpc_dob,,1,1.05,,1.0,0.05678511132056317,0.12635339867722867,0.1780596041996212,0.1780596041996212,7.359039227356947,5.06445261903753,10.75482899977942,0
mismatch|abl|23|koop-drag_mpc_dob|n1,mismatch,abl,23,combined,agile,koop-drag_mpc_dob,,1,2.0,,1.0,0.645224819856745,2.414346629865677,2.9469797422783413,2.9469797422783413,56.95853784673499,4.612632174985265,11.075262000304065,0
mismatch|abl|23|phys_mpc_dob|n1,mismatch,abl,23,combined,agile,phys_mpc_dob,,0,,0.3234608462343161,0.3234608462343161,0.3114274016206264,0.44572064836473435,0.48396074109437454,0.35318272952093793,0.19955953344046096,1.8379658416718787,6.078686999899219,0
mismatch|abl|23|koop-lag_mpc_dob|n1,mismatch,abl,23,combined,agile,koop-lag_mpc_dob,,1,28.200000000000003,,1.0,0.23485460713130454,0.3078659961207262,2.7710568763500003,2.7710568763500003,56.23676494886518,4.707247383002212,21.951895000711374,0
mismatch|abl|24|pid_dob|n1,mismatch,abl,24,nominal,circle,pid_dob,,0,,0.07374906300711269,0.07374906300711269,0.07116404808979784,0.10238193612626956,0.13144808621540957,0.09327789624826426,11.179738632321303,0.39277211669589934,3.4367180005574482,0
mismatch|abl|23|koop-full_mpc_dob|n1,mismatch,abl,23,combined,agile,koop-full_mpc_dob,,0,,0.22666033275503647,0.22666033275503647,0.21839768034599388,0.3109731346460292,0.5268519688567184,0.25502356488368233,61.89963720258294,5.33410974499778,21.695215000363532,0
mismatch|abl|24|physlag_mpc_dob|n1,mismatch,abl,24,nominal,circle,physlag_mpc_dob,,0,,0.12636209411444405,0.12636209411444405,0.12604919220287586,0.13205343094084795,0.13343180545087757,0.12810837235427056,0.3468123699309044,2.5347724383179107,8.151679999173211,0
mismatch|abl|24|koopstab_mpc_dob|n1,mismatch,abl,24,nominal,circle,koopstab_mpc_dob,,1,5.65,,1.0,0.3828793776279827,1.0033991946469525,2.7109900174373487,2.7109900174373487,1.9376155804918112,4.835814805248076,35.31083799953194,0
mismatch|abl|24|koop_mpc_dob|n1,mismatch,abl,24,nominal,circle,koop_mpc_dob,,0,,0.11185894148972063,0.11185894148972063,0.10797267425595838,0.16661632295679474,0.20268922095510578,0.10805740489301724,7.21521232065528,3.4651259183450143,10.258899000291422,0
mismatch|abl|24|lqr_koopstab_dob|n1,mismatch,abl,24,nominal,circle,lqr_koopstab_dob,,0,,0.4423426480647409,0.4423426480647409,0.4096993834617701,0.7855288898290753,0.8789121974471267,0.8789121974471267,1.7737887463095097,0.3981438300085453,4.3895479993807385,0
mismatch|abl|24|lqr_koop_dob|n1,mismatch,abl,24,nominal,circle,lqr_koop_dob,,0,,0.1327364784858224,0.1327364784858224,0.1319904316265725,0.1501131048236233,0.15837348200511264,0.15837348200511264,5.8506065745262195,0.386102571662074,2.7727349997803685,0
mismatch|abl|24|koop_mpc|n1,mismatch,abl,24,nominal,circle,koop_mpc,,0,,0.2716034129788555,0.2716034129788555,0.22891615416981234,0.52868483417325,0.6455508105395058,0.09955090051276813,9.26795785779761,2.1220940666701913,10.356894999858923,0
mismatch|abl|24|physlag_mpc|n1,mismatch,abl,24,nominal,circle,physlag_mpc,,0,,0.13849604705234814,0.13849604705234814,0.13794864214575647,0.15049109878431,0.15258062782652862,0.1412997459273562,0.24664437845006912,1.766363229973346,6.013858000187611,0
mismatch|abl|24|koopstab_mpc|n1,mismatch,abl,24,nominal,circle,koopstab_mpc,,1,4.6,,1.0,0.5418998970902262,1.7712767594508725,2.819833542999612,2.819833542999612,1.1223666724482597,2.67860943482328,14.203745000486379,0
mismatch|abl|24|koop-lin_mpc_dob|n1,mismatch,abl,24,nominal,circle,koop-lin_mpc_dob,,1,2.05,,1.0,0.42344808557039015,2.038564378494367,2.5965881937628725,2.5965881937628725,47.341220232182806,3.7375840243263023,8.279685999696085,0
mismatch|abl|24|koop-drag_mpc_dob|n1,mismatch,abl,24,nominal,circle,koop-drag_mpc_dob,,1,2.15,,1.0,0.40999319453062416,2.0212788329555744,2.7267028851128488,2.7267028851128488,78.38591301714825,3.571316000087008,7.514670999626105,0
mismatch|abl|24|phys_mpc_dob|n1,mismatch,abl,24,nominal,circle,phys_mpc_dob,,0,,0.25296883381792473,0.25296883381792473,0.24189195073955255,0.4057821652140901,0.5240936684664721,0.2584845966541501,8.031125504618057,2.327257778326081,6.037318000380765,0
mismatch|abl|24|koop-lag_mpc_dob|n1,mismatch,abl,24,nominal,circle,koop-lag_mpc_dob,,0,,0.0803685616957483,0.0803685616957483,0.07962590765577071,0.09804562318012805,0.11947250344421026,0.09949508523383344,7.07600388526274,3.0794900283611546,10.18722400021943,0
mismatch|abl|25|pid_dob|n1,mismatch,abl,25,wind,circle,pid_dob,,1,19.55,,1.0,0.19438474765670652,0.6801011603800575,2.9759111520840262,2.9759111520840262,18.19407668004883,0.5823945268410478,4.565305999676639,0
mismatch|abl|25|physlag_mpc_dob|n1,mismatch,abl,25,wind,circle,physlag_mpc_dob,,1,6.3,,1.0,0.4836987212202987,1.9079597207080432,2.911904749783265,2.911904749783265,7.657514615476032,2.274462825353689,4.416083000251092,0
mismatch|abl|24|koop-full_mpc_dob|n1,mismatch,abl,24,nominal,circle,koop-full_mpc_dob,,0,,0.11185894148972063,0.11185894148972063,0.10797267425595838,0.16661632295679474,0.20268922095510578,0.10805740489301724,7.21521232065528,2.991210365013709,10.255715000312193,0
mismatch|abl|25|koopstab_mpc_dob|n1,mismatch,abl,25,wind,circle,koopstab_mpc_dob,,1,5.8,,1.0,0.29593493388574527,0.5204464693147348,1.4847867603827156,1.4847867603827156,3.048576565074715,3.3306616034898413,26.605953000398586,0
mismatch|abl|25|koop_mpc_dob|n1,mismatch,abl,25,wind,circle,koop_mpc_dob,,0,,0.11158510714056369,0.11158510714056369,0.10575980577628519,0.1702585105232859,0.21689559479868842,0.1601227292484499,6.665616581476215,2.1690820216766347,4.7856850005700835,0
mismatch|abl|25|lqr_koopstab_dob|n1,mismatch,abl,25,wind,circle,lqr_koopstab_dob,,0,,0.301283788735711,0.301283788735711,0.27487101095881744,0.5394124937193711,0.5960767186657511,0.5960767186657511,1.5877859970440817,0.3459100750099727,2.2283990001596976,0
mismatch|abl|25|lqr_koop_dob|n1,mismatch,abl,25,wind,circle,lqr_koop_dob,,0,,0.17020498576198387,0.17020498576198387,0.13953931088224764,0.36802370030906156,0.5571783912296263,0.11432945045283428,8.070117433101178,0.3454628999740332,1.0474820001036278,5
mismatch|abl|25|physlag_mpc|n1,mismatch,abl,25,wind,circle,physlag_mpc,,1,6.9,,1.0,0.3574623322807139,1.1250473661203293,2.8591553723199996,2.8591553723199996,4.449382027676368,3.143110615976342,12.12756899985834,0
mismatch|abl|25|koop_mpc|n1,mismatch,abl,25,wind,circle,koop_mpc,,0,,0.2143528767580392,0.2143528767580392,0.17742325719791324,0.4370676154673572,0.525398186457234,0.4572818419893997,9.412139381160221,2.580936869988667,10.138134000044374,0
mismatch|abl|25|koopstab_mpc|n1,mismatch,abl,25,wind,circle,koopstab_mpc,,1,4.2,,1.0,0.5301212119876263,1.7674625538130762,2.7236794402955287,2.7236794402955287,1.2515444287472395,4.460436868991262,14.73625600010564,0
mismatch|abl|25|koop-lin_mpc_dob|n1,mismatch,abl,25,wind,circle,koop-lin_mpc_dob,,1,1.9500000000000002,,1.0,0.5719589598665384,1.471723883522506,1.757688935652644,1.757688935652644,111.96288077973821,6.227209076874155,19.67215100012254,0
mismatch|abl|25|phys_mpc_dob|n1,mismatch,abl,25,wind,circle,phys_mpc_dob,,1,5.25,,1.0,0.7223508974160283,2.0395642856890484,2.946995585076117,2.946995585076117,2.2678445642124383,3.706162066685335,8.45100700007606,0
mismatch|abl|25|koop-drag_mpc_dob|n1,mismatch,abl,25,wind,circle,koop-drag_mpc_dob,,1,1.7500000000000002,,1.0,0.8025431317582244,2.537216874924544,2.9573573464901997,2.9573573464901997,104.60316011150412,5.164833257107863,11.910868000086339,0
mismatch|abl|25|koop-lag_mpc_dob|n1,mismatch,abl,25,wind,circle,koop-lag_mpc_dob,,0,,0.07255429734300807,0.07255429734300807,0.07137800186464192,0.09461455422144764,0.11595045544115522,0.08273923045742884,6.371410509920421,2.7999476800020298,8.59512100032589,0
mismatch|abl|25|koop-full_mpc_dob|n1,mismatch,abl,25,wind,circle,koop-full_mpc_dob,,0,,0.11158510714056369,0.11158510714056369,0.10575980577628519,0.1702585105232859,0.21689559479868842,0.1601227292484499,6.665616581476215,2.8018005033163718,10.764814000140177,0
mismatch|abl|26|pid_dob|n1,mismatch,abl,26,payload,circle,pid_dob,,0,,0.03327680540811361,0.03327680540811361,0.03299869815011583,0.03821969160038504,0.06279257261804393,0.031945618253525876,1.006350673118005,0.409742534995227,2.4596329994892585,0
mismatch|abl|26|physlag_mpc_dob|n1,mismatch,abl,26,payload,circle,physlag_mpc_dob,,0,,0.11531480425669541,0.11531480425669541,0.11461322710053615,0.12185906281933197,0.12321754663316625,0.11376002223928862,0.33554193537088756,1.8375566299603936,5.730019000111497,0
mismatch|abl|26|koop_mpc_dob|n1,mismatch,abl,26,payload,circle,koop_mpc_dob,,0,,0.17429554019233734,0.17429554019233734,0.16715377593261094,0.23932250837569355,0.32895674479733455,0.15891193405969245,63.96528719672672,5.627904270007396,36.589010000170674,0
mismatch|abl|26|koopstab_mpc_dob|n1,mismatch,abl,26,payload,circle,koopstab_mpc_dob,,0,,0.30839733643585826,0.30839733643585826,0.29875080382961794,0.42469914450881147,0.5552549075916482,0.27850098731177964,52.66413004163848,4.199601838334577,20.68497100026434,0
mismatch|abl|26|lqr_koopstab_dob|n1,mismatch,abl,26,payload,circle,lqr_koopstab_dob,,0,,0.3982307057090869,0.3982307057090869,0.38949849769644523,0.48958063519407957,0.5874359135212953,0.3625489365530824,57.90146170056303,0.5455278099846813,4.434717000549426,517
mismatch|abl|26|lqr_koop_dob|n1,mismatch,abl,26,payload,circle,lqr_koop_dob,,0,,0.20180066803507957,0.20180066803507957,0.19464114486469966,0.27636921854657426,0.3147176202155679,0.23341234332476926,57.92950368070476,0.5280573083549219,4.477415999645018,543
mismatch|abl|26|physlag_mpc|n1,mismatch,abl,26,payload,circle,physlag_mpc,,0,,0.13781327986591016,0.13781327986591016,0.13662820994978953,0.15283913226782192,0.15452603932395492,0.13661050409954406,0.24467830743410277,1.712024204989575,6.070630000067467,0
mismatch|abl|26|koop_mpc|n1,mismatch,abl,26,payload,circle,koop_mpc,,0,,0.19621931997062794,0.19621931997062794,0.18932597784068222,0.27908532734537417,0.35308339826209295,0.25741783061963935,63.35813018618,4.848701618335933,16.595536999375327,0
mismatch|abl|26|koopstab_mpc|n1,mismatch,abl,26,payload,circle,koopstab_mpc,,0,,0.3245061039952848,0.3245061039952848,0.3018699850133045,0.49339822550909723,0.722151741284,0.3026183733033303,56.01074681178261,3.1517866150034024,13.941681000687822,0
mismatch|abl|26|phys_mpc_dob|n1,mismatch,abl,26,payload,circle,phys_mpc_dob,,0,,0.18278007966446258,0.18278007966446258,0.1812310837289086,0.1908473195938997,0.1932827616713717,0.18445293985062022,0.09388085383671729,1.87870438500795,6.814145000134886,0
mismatch|abl|26|koop-lin_mpc_dob|n1,mismatch,abl,26,payload,circle,koop-lin_mpc_dob,,1,1.35,,1.0,0.05690075247891608,0.1445649136972971,0.2274409392341332,0.2274409392341332,31.715340472679998,5.895137629691076,20.122485999308992,0
mismatch|abl|26|koop-drag_mpc_dob|n1,mismatch,abl,26,payload,circle,koop-drag_mpc_dob,,1,2.05,,1.0,0.505313478993537,2.1256183843527463,2.7349378540815983,2.7349378540815983,34.36692095381621,5.408782146243938,11.582733000068401,0
mismatch|abl|26|koop-lag_mpc_dob|n1,mismatch,abl,26,payload,circle,koop-lag_mpc_dob,,0,,0.15619660054922008,0.15619660054922008,0.14877547178530212,0.21203465730878038,0.24950765428397162,0.1337632995700042,63.5867305528634,6.298765801672441,24.033247999796004,0
mismatch|abl|26|koop-full_mpc_dob|n1,mismatch,abl,26,payload,circle,koop-full_mpc_dob,,0,,0.17429554019233734,0.17429554019233734,0.16715377593261094,0.23932250837569355,0.32895674479733455,0.15891193405969245,63.96528719672672,6.724350921667792,36.00929899948824,0
mismatch|abl|27|pid_dob|n1,mismatch,abl,27,combined,circle,pid_dob,,0,,0.09185632567962108,0.09185632567962108,0.08724862847090124,0.13084753256550313,0.18743093669402738,0.08118000640171995,11.780767528926027,0.41462967665817513,4.57200799974089,0
mismatch|abl|27|physlag_mpc_dob|n1,mismatch,abl,27,combined,circle,physlag_mpc_dob,,0,,0.13651683967705894,0.13651683967705894,0.13385492584963435,0.16497700691134606,0.21712373695151035,0.15469311204676067,0.59083953338202,1.8670835900017362,6.303795000349055,0
mismatch|abl|27|koopstab_mpc_dob|n1,mismatch,abl,27,combined,circle,koopstab_mpc_dob,,1,4.3,,1.0,0.6441342563111258,2.2947835863929216,2.876576594244725,2.876576594244725,1.9817313918732555,4.157110476700287,13.742242999796872,0
mismatch|abl|27|lqr_koopstab_dob|n1,mismatch,abl,27,combined,circle,lqr_koopstab_dob,,1,9.250000000000002,,1.0,0.7693035707334877,1.5489654623733016,2.9111569136993176,2.9111569136993176,1.9751721919718304,0.3456948324054719,1.3422250003713998,12
mismatch|abl|27|koop_mpc_dob|n1,mismatch,abl,27,combined,circle,koop_mpc_dob,,0,,0.0715892287469733,0.0715892287469733,0.06898078656362532,0.0977725006937211,0.1300571844286852,0.0425743518038941,6.2631440554333935,2.2964533983319293,7.5833670007341425,0
mismatch|abl|27|lqr_koop_dob|n1,mismatch,abl,27,combined,circle,lqr_koop_dob,,0,,0.19214112048765325,0.19214112048765325,0.1833072424837318,0.2500768256658832,0.27905639791463405,0.22606363862748305,5.2549281497115,0.5958253699964189,5.429722000371839,0
mismatch|abl|27|koop_mpc|n1,mismatch,abl,27,combined,circle,koop_mpc,,0,,0.2126553862970104,0.2126553862970104,0.19864385358629763,0.2836397063376429,0.3044908777934044,0.27646567603023214,5.205197125111815,3.3826703166626735,10.146184999939578,0
mismatch|abl|27|koopstab_mpc|n1,mismatch,abl,27,combined,circle,koopstab_mpc,,1,4.0,,1.0,0.5715543284109706,1.8029290879394575,2.809870914647714,2.809870914647714,2.2084557831579423,2.5595273749900116,12.22811899970111,0
mismatch|abl|27|physlag_mpc|n1,mismatch,abl,27,combined,circle,physlag_mpc,,0,,0.31179038335631076,0.31179038335631076,0.2914333699095168,0.41364518247462667,0.45546094366030654,0.3674901794757949,0.3543898595712816,1.938680346656838,6.039136999788752,0
mismatch|abl|27|koop-lin_mpc_dob|n1,mismatch,abl,27,combined,circle,koop-lin_mpc_dob,,1,1.2500000000000002,,1.0,0.06288187031864494,0.11872813397933954,0.16176710171097172,0.16176710171097172,54.41570010111869,3.3553145200858125,6.334441999570117,0
mismatch|abl|27|koop-drag_mpc_dob|n1,mismatch,abl,27,combined,circle,koop-drag_mpc_dob,,1,1.4500000000000002,,1.0,0.0874828045498873,0.289376923652811,0.4673776957942841,0.4673776957942841,54.78750209058103,3.532376137847113,6.257334999645536,0
mismatch|abl|27|phys_mpc_dob|n1,mismatch,abl,27,combined,circle,phys_mpc_dob,,0,,0.221897750786996,0.221897750786996,0.21695996155800235,0.28547742374910906,0.34778259269000783,0.25146474227495225,0.33454727073627355,1.831672234989128,6.931879000148911,0
mismatch|abl|27|koop-lag_mpc_dob|n1,mismatch,abl,27,combined,circle,koop-lag_mpc_dob,,0,,0.07850408151288048,0.07850408151288048,0.07535608792901732,0.10520686146363016,0.14450631209731432,0.08758780162768315,7.141307815053342,2.1921684599753157,7.52284200007125,0
mismatch|abl|27|koop-full_mpc_dob|n1,mismatch,abl,27,combined,circle,koop-full_mpc_dob,,0,,0.0715892287469733,0.0715892287469733,0.06898078656362532,0.0977725006937211,0.1300571844286852,0.0425743518038941,6.2631440554333935,2.4167789166737443,7.025056000202312,0
mismatch|abl|28|pid_dob|n1,mismatch,abl,28,nominal,figure8,pid_dob,,0,,0.05137787281756909,0.05137787281756909,0.05123125155718144,0.056853516114647014,0.0651710809777772,0.049959809826017276,0.902975351564982,0.4742694899944884,2.5359049996040994,0
mismatch|abl|28|physlag_mpc_dob|n1,mismatch,abl,28,nominal,figure8,physlag_mpc_dob,,0,,0.18395095969547773,0.18395095969547773,0.1830061819940671,0.190825154980272,0.19331665864059594,0.18931858123482848,0.3260797502963222,2.5561611416712062,6.58507699972688,0
mismatch|abl|28|koopstab_mpc_dob|n1,mismatch,abl,28,nominal,figure8,koopstab_mpc_dob,,1,2.35,,1.0,0.5677928068111686,2.034040205386561,2.915608309080351,2.915608309080351,3.030424328246403,6.286029808565063,21.327390999431373,0
mismatch|abl|28|lqr_koopstab_dob|n1,mismatch,abl,28,nominal,figure8,lqr_koopstab_dob,,1,2.65,,1.0,0.6029147713226644,2.219736410539817,2.9761482217723856,2.9761482217723856,4.6263907738994385,0.3723881132004262,2.3772800004735473,37
mismatch|abl|28|koop_mpc_dob|n1,mismatch,abl,28,nominal,figure8,koop_mpc_dob,,0,,0.3452009012313661,0.3452009012313661,0.32571168911455817,0.5539868564491485,0.7400834055115643,0.32905467076020567,81.17127536302185,5.64694271164323,24.872906999917177,0
mismatch|abl|28|lqr_koop_dob|n1,mismatch,abl,28,nominal,figure8,lqr_koop_dob,,1,13.850000000000001,,1.0,0.3506052375581071,0.6100217252627477,2.8636975444157566,2.8636975444157566,30.623653592245617,0.3124606606329031,0.4739010000776034,255
mismatch|abl|28|physlag_mpc|n1,mismatch,abl,28,nominal,figure8,physlag_mpc,,0,,0.20520201749758032,0.20520201749758032,0.20385004816423874,0.21886600471770795,0.22126607027446898,0.2156048123056627,0.2317378066416349,1.5374368716493336,6.43342399962421,0
mismatch|abl|28|koopstab_mpc|n1,mismatch,abl,28,nominal,figure8,koopstab_mpc,,1,2.1999999999999997,,1.0,0.6393600656473749,2.116617707281701,2.743069994659891,2.743069994659891,3.0670374136086482,6.648749954572188,33.99441400051728,0
mismatch|abl|28|koop_mpc|n1,mismatch,abl,28,nominal,figure8,koop_mpc,,0,,0.3467602545960318,0.3467602545960318,0.31365674806251426,0.6334283294943378,0.8724009731198458,0.18344255468939805,84.89183843963906,4.494304801655744,20.71583900033147,0
mismatch|abl|28|koop-lin_mpc_dob|n1,mismatch,abl,28,nominal,figure8,koop-lin_mpc_dob,,1,1.1,,1.0,0.06899382445024525,0.116722735360217,0.1556191848420528,0.1556191848420528,19.98951894843064,2.9212335908927014,4.79142999938631,0
mismatch|abl|28|koop-drag_mpc_dob|n1,mismatch,abl,28,nominal,figure8,koop-drag_mpc_dob,,1,1.2000000000000002,,1.0,0.09974079460249145,0.27729365520909166,0.3869906503489119,0.3869906503489119,42.04727454507102,3.207785250045466,7.302835000700725,0
mismatch|abl|28|phys_mpc_dob|n1,mismatch,abl,28,nominal,figure8,phys_mpc_dob,,0,,0.29188883536799237,0.29188883536799237,0.2896906643536364,0.3023283720770791,0.30859879194622836,0.300039096320738,0.08677526763471238,1.7204112283388895,5.699766999896383,0
mismatch|abl|28|koop-lag_mpc_dob|n1,mismatch,abl,28,nominal,figure8,koop-lag_mpc_dob,,0,,0.2825749917392442,0.2825749917392442,0.27585828883722097,0.38016500996281366,0.5064686301928616,0.3288185667510619,68.70537706518053,6.522235439986919,31.796583999494032,0
mismatch|abl|28|koop-full_mpc_dob|n1,mismatch,abl,28,nominal,figure8,koop-full_mpc_dob,,0,,0.3452009012313661,0.3452009012313661,0.32571168911455817,0.5539868564491485,0.7400834055115643,0.32905467076020567,81.17127536302185,5.841292574990196,28.2348370001273,0
mismatch|abl|29|pid_dob|n1,mismatch,abl,29,wind,figure8,pid_dob,,0,,0.03945027696050982,0.03945027696050982,0.0373133238723075,0.06346337531819404,0.11028549110769148,0.0319382205579806,1.0003238358661524,0.39999753666961624,2.475956000125734,0
mismatch|abl|29|physlag_mpc_dob|n1,mismatch,abl,29,wind,figure8,physlag_mpc_dob,,0,,0.1364114053568255,0.1364114053568255,0.13268502434573354,0.19744977545146894,0.26771213467529165,0.12452250076371489,0.3813113830965844,1.6311606166830945,5.812358000184759,0
mismatch|abl|29|koopstab_mpc_dob|n1,mismatch,abl,29,wind,figure8,koopstab_mpc_dob,,1,22.35,,1.0,0.35635701677907156,0.7148153342010417,2.966687140959655,2.966687140959655,32.82118565454844,3.7186955346716797,20.999843000026885,0
mismatch|abl|29|koop_mpc_dob|n1,mismatch,abl,29,wind,figure8,koop_mpc_dob,,0,,0.14778816247052315,0.14778816247052315,0.1458740526500268,0.17746412700855002,0.21880744979306152,0.17480704381451106,60.26248771560886,6.0929717033150155,30.285787000138953,0
mismatch|abl|29|lqr_koopstab_dob|n1,mismatch,abl,29,wind,figure8,lqr_koopstab_dob,,0,,0.36532419167422336,0.36532419167422336,0.30481512914907594,0.7447965513504192,0.8333618894237588,0.21858750714513914,50.94203148550887,0.5412593399948188,4.418237999743724,377
mismatch|abl|29|lqr_koop_dob|n1,mismatch,abl,29,wind,figure8,lqr_koop_dob,,0,,0.21583688861159608,0.21583688861159608,0.1842336350321817,0.4440310448810577,0.5553155537471353,0.10302803116940353,56.76235492137309,0.5178031566492791,4.404594999869005,559
mismatch|abl|29|physlag_mpc|n1,mismatch,abl,29,wind,figure8,physlag_mpc,,0,,0.25648272744137784,0.25648272744137784,0.21529141851353273,0.5524125799657167,0.6450478210475038,0.1402559740606775,0.2537837204340721,1.5790491750234044,5.52076600069995,0
mismatch|abl|29|koopstab_mpc|n1,mismatch,abl,29,wind,figure8,koopstab_mpc,,1,8.750000000000002,,1.0,0.40700019996741943,0.8542428047996246,1.6512865262029028,1.6512865262029028,15.190643287918931,2.363554800046716,6.770919000700815,0
mismatch|abl|29|koop_mpc|n1,mismatch,abl,29,wind,figure8,koop_mpc,,0,,0.24087067470203943,0.24087067470203943,0.1950489646706834,0.5778929443448741,0.6964895026184055,0.11855849901536179,60.42853315627797,5.348380595009985,26.424237000355788,0
mismatch|abl|29|koop-lin_mpc_dob|n1,mismatch,abl,29,wind,figure8,koop-lin_mpc_dob,,1,1.85,,1.0,0.056127918022897544,0.10247409698859986,0.18343135859712256,0.18343135859712256,69.33921800151329,2.818712919056329,4.86892099979741,0
mismatch|abl|29|koop-drag_mpc_dob|n1,mismatch,abl,29,wind,figure8,koop-drag_mpc_dob,,1,2.0,,1.0,0.06408806280039211,0.1240341835066392,0.3141618675254437,0.3141618675254437,60.524150777776065,2.6220140500754496,4.80626199987455,0
mismatch|abl|29|phys_mpc_dob|n1,mismatch,abl,29,wind,figure8,phys_mpc_dob,,0,,0.2231169583523194,0.2231169583523194,0.2149764432776896,0.3538299345631305,0.4345910949265727,0.1928419236354333,0.1363580636350483,1.5628136983317138,5.665437000061502,0
mismatch|abl|29|koop-lag_mpc_dob|n1,mismatch,abl,29,wind,figure8,koop-lag_mpc_dob,,0,,0.14543838926553504,0.14543838926553504,0.1431198601822769,0.18331574410597515,0.26496870099441655,0.1442669147040324,60.57134623273403,5.235442559989376,32.95318900018174,0
mismatch|abl|30|pid_dob|n1,mismatch,abl,30,payload,figure8,pid_dob,,0,,0.034966613745013975,0.034966613745013975,0.03435663061315844,0.045334200370959636,0.05891357160536754,0.03141701501518738,1.016989707795339,0.49789383998207387,4.478664999624016,0
mismatch|abl|29|koop-full_mpc_dob|n1,mismatch,abl,29,wind,figure8,koop-full_mpc_dob,,0,,0.14778816247052315,0.14778816247052315,0.1458740526500268,0.17746412700855002,0.21880744979306152,0.17480704381451106,60.26248771560886,8.124285026672927,38.81304400056251,0
mismatch|abl|30|physlag_mpc_dob|n1,mismatch,abl,30,payload,figure8,physlag_mpc_dob,,0,,0.1507003629972952,0.1507003629972952,0.14914915529533723,0.17189417414917768,0.17392590713806788,0.14314961498544052,0.387569453455853,1.6148943216679374,7.194279000032111,0
mismatch|abl|30|koop_mpc_dob|n1,mismatch,abl,30,payload,figure8,koop_mpc_dob,,0,,0.2700612996091566,0.2700612996091566,0.24423743756717275,0.4744138700100909,0.7108032774993505,0.15503332237251427,67.59109303483719,4.1582592166590375,18.0080159998397,0
mismatch|abl|30|lqr_koopstab_dob|n1,mismatch,abl,30,payload,figure8,lqr_koopstab_dob,,0,,0.34092033964658375,0.34092033964658375,0.3102317225590094,0.637879623352286,0.8046082213388884,0.28155242704603883,47.73774162962985,0.35003683166754246,2.579425999101659,492
mismatch|abl|30|koopstab_mpc_dob|n1,mismatch,abl,30,payload,figure8,koopstab_mpc_dob,,0,,0.3664700778061568,0.3664700778061568,0.3315750425065109,0.6091419508663833,0.8905303619120339,0.25512614968646335,47.210796985614905,3.7928649166572845,20.676107000326738,0
mismatch|abl|30|lqr_koop_dob|n1,mismatch,abl,30,payload,figure8,lqr_koop_dob,,1,7.25,,1.0,0.34603010573899673,1.1591921625256307,2.7259403589608535,2.7259403589608535,11.891594773970168,0.6332705861872266,4.388438999740174,112
mismatch|abl|30|physlag_mpc|n1,mismatch,abl,30,payload,figure8,physlag_mpc,,0,,0.21726420841711508,0.21726420841711508,0.21465201299982728,0.2405109274427845,0.24233518914401955,0.2410736133284511,0.2538224991553892,2.2097284150216487,6.824295999649621,0
mismatch|abl|30|koop_mpc|n1,mismatch,abl,30,payload,figure8,koop_mpc,,0,,0.3106084500397293,0.3106084500397293,0.2503473682449503,0.6121685895425744,1.0608176510950391,0.14336195694207435,91.01320181308355,5.004748988343029,40.03251599988289,0
mismatch|abl|30|phys_mpc_dob|n1,mismatch,abl,30,payload,figure8,phys_mpc_dob,,0,,0.23983930232815084,0.23983930232815084,0.23711714724558058,0.2716827368431179,0.28280230075241314,0.23123010828966906,0.14108172356357943,1.5774786666755365,5.690666999726091,0
mismatch|abl|30|koop-lin_mpc_dob|n1,mismatch,abl,30,payload,figure8,koop-lin_mpc_dob,,1,2.15,,1.0,0.48465359935363794,2.1865326049735287,2.914623783827514,2.914623783827514,96.36193099019431,3.4696994651651125,8.090938999885111,0
mismatch|abl|30|koopstab_mpc|n1,mismatch,abl,30,payload,figure8,koopstab_mpc,,0,,0.32849491338588427,0.32849491338588427,0.3163165133716989,0.4556221959114329,0.6235392585887165,0.3160500193677617,45.881141058179104,3.5807243166649037,14.917335000063758,0
mismatch|abl|30|koop-drag_mpc_dob|n1,mismatch,abl,30,payload,figure8,koop-drag_mpc_dob,,1,1.9000000000000001,,1.0,0.5731379497777298,2.5695587081738984,2.9572797884200983,2.9572797884200983,77.07988293144297,3.521593500049915,7.423899000059464,0
mismatch|abl|30|koop-lag_mpc_dob|n1,mismatch,abl,30,payload,figure8,koop-lag_mpc_dob,,0,,0.2019961169054098,0.2019961169054098,0.19435755937987886,0.30379100902023765,0.3837422849109533,0.1613285850772232,55.32654312464148,5.341658798314104,43.96639700007654,0
mismatch|abl|30|koop-full_mpc_dob|n1,mismatch,abl,30,payload,figure8,koop-full_mpc_dob,,0,,0.2700612996091566,0.2700612996091566,0.24423743756717275,0.4744138700100909,0.7108032774993505,0.15503332237251427,67.59109303483719,5.593756244995045,33.435076999921876,0
mismatch|abl|31|pid_dob|n1,mismatch,abl,31,combined,figure8,pid_dob,,0,,0.04168636064304455,0.04168636064304455,0.04103181379236323,0.050971074602373476,0.067024825385678,0.04744863992131523,1.0334389672068174,0.5233700866695775,4.613549999703537,0
mismatch|abl|31|physlag_mpc_dob|n1,mismatch,abl,31,combined,figure8,physlag_mpc_dob,,0,,0.1487570890497843,0.1487570890497843,0.1469084049908498,0.17647773429364474,0.19471664745401818,0.15792432448732943,1.4577271255156743,2.0173488100090253,5.775700000413053,0
mismatch|abl|31|koopstab_mpc_dob|n1,mismatch,abl,31,combined,figure8,koopstab_mpc_dob,,1,4.25,,1.0,0.3672783220340519,1.3796230687744657,2.576923197951922,2.576923197951922,7.8069620813449365,6.126886305847781,18.592622000142,0
mismatch|abl|31|lqr_koopstab_dob|n1,mismatch,abl,31,combined,figure8,lqr_koopstab_dob,,1,3.85,,1.0,0.7889469382244383,1.7465035356872438,2.7822631370097817,2.7822631370097817,13.29637416120432,0.31138475324868603,0.38075700012996094,71
mismatch|abl|31|lqr_koop_dob|n1,mismatch,abl,31,combined,figure8,lqr_koop_dob,,0,,0.3156955016821511,0.3156955016821511,0.30305364168508464,0.41530462050596223,0.43484056567216306,0.2890494356866429,65.59368172930863,0.31948237666711066,3.3656200002951664,594
mismatch|abl|31|koop_mpc_dob|n1,mismatch,abl,31,combined,figure8,koop_mpc_dob,,0,,0.37472723202649477,0.37472723202649477,0.36119521490966877,0.5190453531683031,0.6321313207702439,0.3888533014235208,71.49346032760825,4.632657805000235,20.655248999901232,0
mismatch|abl|31|physlag_mpc|n1,mismatch,abl,31,combined,figure8,physlag_mpc,,0,,0.1869701643060792,0.1869701643060792,0.18215494305549584,0.23918285461444033,0.3062270702450607,0.20719692895631028,0.8663943792184737,2.1202871866777664,7.453291999809153,0
mismatch|abl|31|koopstab_mpc|n1,mismatch,abl,31,combined,figure8,koopstab_mpc,,1,3.1,,1.0,0.36994147250482823,1.6126547951030883,2.730931938943031,2.730931938943031,6.83836564917684,7.728958483899224,22.571247999621846,0
mismatch|abl|31|koop_mpc|n1,mismatch,abl,31,combined,figure8,koop_mpc,,0,,0.32013925840553853,0.32013925840553853,0.3014422275372408,0.4604296556924782,0.4686968629266947,0.4673270518780129,70.98517602236079,5.681820836656091,37.769379000565095,0
mismatch|abl|31|koop-lin_mpc_dob|n1,mismatch,abl,31,combined,figure8,koop-lin_mpc_dob,,1,2.15,,1.0,0.03876187868719958,0.05629110280718721,0.09599700650919608,0.09599700650919608,53.61985226265062,4.632169906979597,11.448903000200517,0
mismatch|abl|31|koop-drag_mpc_dob|n1,mismatch,abl,31,combined,figure8,koop-drag_mpc_dob,,1,1.7500000000000002,,1.0,0.05567026697940419,0.16826737258173183,0.29112261308792053,0.29112261308792053,31.249556749383387,4.577800657092927,8.811819999209547,0
mismatch|abl|31|phys_mpc_dob|n1,mismatch,abl,31,combined,figure8,phys_mpc_dob,,0,,0.23709890884059243,0.23709890884059243,0.23319738402037737,0.2956676741836791,0.32390957049473273,0.24792984342591698,0.11855835642518744,1.9352292249641323,5.774560999270761,0
mismatch|abl|31|koop-lag_mpc_dob|n1,mismatch,abl,31,combined,figure8,koop-lag_mpc_dob,,0,,0.3133364252372758,0.3133364252372758,0.3061666930593797,0.3910547043753792,0.4318342803170815,0.341039382782972,71.47373131898256,4.585349168344995,28.36067099997308,0
mismatch|abl|31|koop-full_mpc_dob|n1,mismatch,abl,31,combined,figure8,koop-full_mpc_dob,,0,,0.37472723202649477,0.37472723202649477,0.36119521490966877,0.5190453531683031,0.6321313207702439,0.3888533014235208,71.49346032760825,4.689636743343423,20.81552800063946,0
mismatch|abl|0|pid_dob|n2,mismatch,abl,0,nominal,circle,pid_dob,noise2,0,,0.06130576994170741,0.06130576994170741,0.05702987108589222,0.09783603474006322,0.13103853000314605,0.057265905758097375,14.743491783360632,0.3922687099914886,1.1116989999209181,0
mismatch|abl|0|physlag_mpc_dob|n2,mismatch,abl,0,nominal,circle,physlag_mpc_dob,noise2,0,,0.09453872326371038,0.09453872326371038,0.0833221431165165,0.18413424128586678,0.2548691310715666,0.12919129685087324,12.2641268370882,2.7613451883189555,10.124271999302437,0
mismatch|abl|0|koop_mpc_dob|n2,mismatch,abl,0,nominal,circle,koop_mpc_dob,noise2,0,,0.0629104467031166,0.0629104467031166,0.05950190338591541,0.08973306338787322,0.10183795073608988,0.08568512602630676,21.68357061302458,3.202381228326582,10.272503000123834,0
mismatch|abl|0|lqr_koopstab_dob|n2,mismatch,abl,0,nominal,circle,lqr_koopstab_dob,noise2,0,,0.04442215884143284,0.04442215884143284,0.04077514929161388,0.07125960671857999,0.08328506097523981,0.021700855236710725,5.948865525655337,0.43265925166603364,4.491631999371748,0
mismatch|abl|0|koopstab_mpc_dob|n2,mismatch,abl,0,nominal,circle,koopstab_mpc_dob,noise2,0,,0.32614997052129685,0.32614997052129685,0.29648579797064695,0.5471071369111755,0.6883250107304364,0.15495722472491277,7.862787766134487,2.6873310566361397,34.912596000140184,0
mismatch|abl|0|lqr_koop_dob|n2,mismatch,abl,0,nominal,circle,lqr_koop_dob,noise2,0,,0.03954530784710071,0.03954530784710071,0.03696877107279589,0.058832836501542314,0.062055434307730126,0.02382267615360326,19.030926436524208,0.3561869316733161,2.5203029999829596,0
mismatch|abl|1|pid_dob|n2,mismatch,abl,1,wind,circle,pid_dob,noise2,1,27.6,,1.0,0.243291556584551,0.48179670936610436,2.594028812323333,2.594028812323333,70.78744690128171,0.4208493659366402,4.481679000491567,0
mismatch|abl|1|physlag_mpc_dob|n2,mismatch,abl,1,wind,circle,physlag_mpc_dob,noise2,0,,0.22107243248921504,0.22107243248921504,0.21767276820754128,0.2692605173948654,0.32477365156666793,0.2220609753734148,11.164850228571646,2.0643737850135344,6.961752000279375,0
mismatch|abl|1|koop_mpc_dob|n2,mismatch,abl,1,wind,circle,koop_mpc_dob,noise2,0,,0.1483701864089216,0.1483701864089216,0.13869235157002013,0.240312689829559,0.424486244663733,0.12223004523499967,51.57850857129561,2.5913329717044085,13.571456999670772,0
mismatch|abl|1|koopstab_mpc_dob|n2,mismatch,abl,1,wind,circle,koopstab_mpc_dob,noise2,1,3.75,,1.0,0.6233432766762678,2.091065680291566,2.920100950233569,2.920100950233569,2.5058097243344393,10.886617573317684,80.09546399989631,0
mismatch|abl|1|lqr_koopstab_dob|n2,mismatch,abl,1,wind,circle,lqr_koopstab_dob,noise2,1,11.950000000000001,,1.0,0.7322357431408975,1.5201226842591693,2.7364712513952,2.7364712513952,5.997327839781628,0.5499369163090747,3.2570130006206455,15
mismatch|abl|1|lqr_koop_dob|n2,mismatch,abl,1,wind,circle,lqr_koop_dob,noise2,0,,0.2344875177904217,0.2344875177904217,0.22948783466683295,0.3072904628604647,0.31868720139508594,0.213869346834822,18.149670726582254,0.5882080533289505,5.373728000449773,0
mismatch|abl|2|pid_dob|n2,mismatch,abl,2,payload,circle,pid_dob,noise2,0,,0.0747490645416045,0.0747490645416045,0.07251829489403896,0.1041040065300383,0.12886729591099164,0.08731017808917174,10.744405058148397,0.5919774083152637,4.564566000226478,0
mismatch|abl|2|physlag_mpc_dob|n2,mismatch,abl,2,payload,circle,physlag_mpc_dob,noise2,0,,0.19370330464900298,0.19370330464900298,0.192367422347326,0.20693848441716675,0.21422499145864543,0.1958848752196502,1.289460830781855,1.8364630233266628,7.326652000301692,0
mismatch|abl|2|koopstab_mpc_dob|n2,mismatch,abl,2,payload,circle,koopstab_mpc_dob,noise2,1,3.8,,1.0,0.6076758480431163,2.0452667326860174,2.9805629075949245,2.9805629075949245,2.1672469370582887,3.9181529604990684,17.964928999390395,0
mismatch|abl|2|koop_mpc_dob|n2,mismatch,abl,2,payload,circle,koop_mpc_dob,noise2,0,,0.11388310992385106,0.11388310992385106,0.11218029550891216,0.14108201398554562,0.16596405297272324,0.09030941016425133,26.203103790355506,2.2269425500250386,6.795811999836587,0
mismatch|abl|2|lqr_koopstab_dob|n2,mismatch,abl,2,payload,circle,lqr_koopstab_dob,noise2,1,7.2,,1.0,0.7397776547915331,1.3650089810886372,2.7623839966634414,2.7623839966634414,9.11477577374334,0.36202234724669324,2.5945520001187106,16
mismatch|abl|2|lqr_koop_dob|n2,mismatch,abl,2,payload,circle,lqr_koop_dob,noise2,0,,0.25848388990396215,0.25848388990396215,0.2459238690780227,0.4097130361339344,0.4977915561887369,0.2331961278489101,21.703133644421452,0.351007995021367,1.4341550004246528,0
mismatch|abl|3|pid_dob|n2,mismatch,abl,3,combined,circle,pid_dob,noise2,0,,0.03588474966914754,0.03588474966914754,0.03521454801042729,0.04588424095365216,0.06537759105141712,0.04608161165918363,4.110719261831743,0.4125701283298137,1.3170459997127182,0
mismatch|abl|3|physlag_mpc_dob|n2,mismatch,abl,3,combined,circle,physlag_mpc_dob,noise2,0,,0.13717858602390823,0.13717858602390823,0.1356915125194036,0.16513694293099648,0.17960965140386845,0.13251448483115558,1.1764508858155058,2.930463259995122,7.848547999856237,0
mismatch|abl|3|koop_mpc_dob|n2,mismatch,abl,3,combined,circle,koop_mpc_dob,noise2,0,,0.11481443814122276,0.11481443814122276,0.10268984990982903,0.21608570858261048,0.33959773280526134,0.07027713251076224,38.2068003409554,3.602049021660605,19.704790999639954,0
mismatch|abl|3|koopstab_mpc_dob|n2,mismatch,abl,3,combined,circle,koopstab_mpc_dob,noise2,1,3.85,,1.0,0.4747484601447724,1.5371022727268113,2.7511323081185313,2.7511323081185313,4.830575919005635,5.548839090972086,27.910502999475284,0
mismatch|abl|3|lqr_koopstab_dob|n2,mismatch,abl,3,combined,circle,lqr_koopstab_dob,noise2,1,7.0,,1.0,0.6788842622512143,1.3962689383569344,2.7742026473700245,2.7742026473700245,6.820546577059677,0.3345565500434792,0.9245680003004964,15
mismatch|abl|3|lqr_koop_dob|n2,mismatch,abl,3,combined,circle,lqr_koop_dob,noise2,0,,0.12145993395049941,0.12145993395049941,0.11525722126249488,0.1544898575143475,0.15909906455331527,0.1309203810329137,21.25542266236795,0.3639908416638112,4.44978900031856,0
mismatch|abl|4|pid_dob|n2,mismatch,abl,4,nominal,figure8,pid_dob,noise2,0,,0.055220144578470735,0.055220144578470735,0.05482325269715273,0.06591070102936822,0.07303385509305585,0.05463423268295153,3.6089725312474314,0.40386088834414596,2.2930810000616475,0
mismatch|abl|4|koop_mpc_dob|n2,mismatch,abl,4,nominal,figure8,koop_mpc_dob,noise2,1,11.8,,1.0,0.43449091127110795,1.6452979899194422,2.826951470548302,2.826951470548302,46.3268720307819,5.248478919491976,22.52193200001784,0
mismatch|abl|4|koopstab_mpc_dob|n2,mismatch,abl,4,nominal,figure8,koopstab_mpc_dob,noise2,1,2.45,,1.0,0.7224589937606096,2.4091064430048594,2.8601549021618573,2.8601549021618573,5.380798132793079,6.308555632706569,25.15188899997156,0
mismatch|abl|4|lqr_koopstab_dob|n2,mismatch,abl,4,nominal,figure8,lqr_koopstab_dob,noise2,1,3.8,,1.0,1.0641581304994132,2.229207813011737,2.765643904082016,2.765643904082016,6.654472494659787,0.34097844735170885,0.5014690004827571,61
mismatch|abl|4|physlag_mpc_dob|n2,mismatch,abl,4,nominal,figure8,physlag_mpc_dob,noise2,0,,0.19495606997047066,0.19495606997047066,0.19401427104579055,0.2055064980836064,0.21557732119790843,0.19296679065183334,1.2532759076332585,1.6725880283562826,7.809662999534339,0
mismatch|abl|4|lqr_koop_dob|n2,mismatch,abl,4,nominal,figure8,lqr_koop_dob,noise2,0,,0.4515436869614277,0.4515436869614277,0.4455050450126525,0.520357531452049,0.5474764636303213,0.4148182592241703,74.62562100091708,0.389685539967104,2.4301659996126546,515
mismatch|abl|5|pid_dob|n2,mismatch,abl,5,wind,figure8,pid_dob,noise2,0,,0.10172331389663804,0.10172331389663804,0.09607567683598425,0.16295152147597378,0.20978732895866128,0.08542489503890464,14.644496814218172,0.5249569083161987,4.536835000180872,0
mismatch|abl|5|koop_mpc_dob|n2,mismatch,abl,5,wind,figure8,koop_mpc_dob,noise2,1,10.650000000000002,,1.0,0.20361693046750734,0.6875776006119866,2.8686479815146573,2.8686479815146573,20.555874940536047,4.548252624443647,26.70223099994473,0
mismatch|abl|5|koopstab_mpc_dob|n2,mismatch,abl,5,wind,figure8,koopstab_mpc_dob,noise2,1,2.95,,1.0,0.5244468191345698,2.2126197732696578,2.9635360613741035,2.9635360613741035,2.615731933142005,5.872240406784779,25.26337900053477,0
mismatch|abl|5|lqr_koopstab_dob|n2,mismatch,abl,5,wind,figure8,lqr_koopstab_dob,noise2,1,4.7,,1.0,0.7605257665730443,1.8769755226337,2.7594829301665125,2.7594829301665125,2.4465233052870268,0.5074403511087516,5.389061000641959,8
mismatch|abl|5|physlag_mpc_dob|n2,mismatch,abl,5,wind,figure8,physlag_mpc_dob,noise2,0,,0.19356723204043588,0.19356723204043588,0.18669385694826673,0.23824709175485634,0.4182046780318186,0.19349788073717278,1.5688678719119797,2.2842164716621483,6.195320000188076,0
mismatch|abl|5|lqr_koop_dob|n2,mismatch,abl,5,wind,figure8,lqr_koop_dob,noise2,0,,0.305539074988826,0.305539074988826,0.2670069263408298,0.5867216450127611,0.6981571812964801,0.1910443190861915,21.41987246906723,0.34043053332879936,4.200598999887006,0
mismatch|abl|6|pid_dob|n2,mismatch,abl,6,payload,figure8,pid_dob,noise2,0,,0.023412100328666096,0.023412100328666096,0.019279035046285198,0.03272084034562735,0.11882841825018349,0.018766059547210532,4.229196805394159,0.41925300499163615,4.522595999333134,0
mismatch|abl|6|physlag_mpc_dob|n2,mismatch,abl,6,payload,figure8,physlag_mpc_dob,noise2,0,,0.04843417700415192,0.04843417700415192,0.046613374179402645,0.05524025789276169,0.14067483487972518,0.05081654339740407,1.425909914604559,1.6398422499923981,5.78037899958872,0
mismatch|abl|6|koop_mpc_dob|n2,mismatch,abl,6,payload,figure8,koop_mpc_dob,noise2,0,,0.11026201002715323,0.11026201002715323,0.09388524760045164,0.2030817183423532,0.2831157501941675,0.1383615311718347,34.563096074006516,2.192049724988768,14.84335899931466,0
mismatch|abl|6|lqr_koopstab_dob|n2,mismatch,abl,6,payload,figure8,lqr_koopstab_dob,noise2,0,,0.3411884098162153,0.3411884098162153,0.2733659988983171,0.535618096143275,0.5614306264484787,0.4804298935169534,7.481140601773515,0.44428277665550314,4.475515000194719,0
mismatch|abl|6|koopstab_mpc_dob|n2,mismatch,abl,6,payload,figure8,koopstab_mpc_dob,noise2,0,,0.31284347552158237,0.31284347552158237,0.27717269316433374,0.5874289573636242,0.7739003758596547,0.17118556529050932,6.732306390192801,2.7500483700184,12.331461000030686,0
mismatch|abl|6|lqr_koop_dob|n2,mismatch,abl,6,payload,figure8,lqr_koop_dob,noise2,0,,0.11710998012640138,0.11710998012640138,0.10174577213020783,0.1682890828580736,0.17494690511545158,0.14886229709240947,22.7054372182846,0.44530562166376814,4.379240999696776,0
mismatch|abl|7|pid_dob|n2,mismatch,abl,7,combined,figure8,pid_dob,noise2,0,,0.02915943716822678,0.02915943716822678,0.027065170728027402,0.0516458147936692,0.06812079139214407,0.02469892759734337,3.242178683134238,0.5753505116596594,4.530139000053168,0
mismatch|abl|7|physlag_mpc_dob|n2,mismatch,abl,7,combined,figure8,physlag_mpc_dob,noise2,0,,0.08683376592290669,0.08683376592290669,0.08401933187319142,0.1133263135697569,0.17684148349242315,0.08411974728967526,1.1341902406305195,1.6223306016642407,5.8551140000417945,0
mismatch|abl|7|koop_mpc_dob|n2,mismatch,abl,7,combined,figure8,koop_mpc_dob,noise2,0,,0.11047221603919657,0.11047221603919657,0.10611453855370945,0.15401987142731013,0.20750879661767618,0.11509125537876085,75.9081388439016,5.443727066657023,22.45925500028534,0
mismatch|abl|7|koopstab_mpc_dob|n2,mismatch,abl,7,combined,figure8,koopstab_mpc_dob,noise2,0,,0.2819151971011489,0.2819151971011489,0.2651739514025604,0.4270292117683771,0.517377879394741,0.22109409538581495,52.582738640396556,3.517640846669868,10.773824999887438,0
mismatch|abl|7|lqr_koopstab_dob|n2,mismatch,abl,7,combined,figure8,lqr_koopstab_dob,noise2,0,,0.29252069782557627,0.29252069782557627,0.27148606798163494,0.461697309274321,0.4961680209104223,0.2729665758456151,60.24040428116022,0.4253773849783708,4.595188000166672,570
mismatch|abl|7|lqr_koop_dob|n2,mismatch,abl,7,combined,figure8,lqr_koop_dob,noise2,0,,0.24349383610576897,0.24349383610576897,0.2152057069863352,0.4730532057784077,0.739141918972504,0.16351708691827366,72.10603022196435,0.5692812166732134,4.4063440000172704,502
mismatch|abl|8|pid_dob|n2,mismatch,abl,8,nominal,agile,pid_dob,noise2,0,,0.016214272883633262,0.016214272883633262,0.0141049167434718,0.0248906442397301,0.07097797062753923,0.013789316481122055,3.790849841581144,0.5861986266578848,4.472152999369428,0
mismatch|abl|8|physlag_mpc_dob|n2,mismatch,abl,8,nominal,agile,physlag_mpc_dob,noise2,0,,0.03801013165912996,0.03801013165912996,0.03548928807182283,0.057919387156058606,0.07097797062753923,0.0327847988391313,1.259056405870484,1.7125867466696338,5.768469000031473,0
mismatch|abl|8|koopstab_mpc_dob|n2,mismatch,abl,8,nominal,agile,koopstab_mpc_dob,noise2,1,5.7,,1.0,0.46168799580323583,1.4007513050105975,2.8861819052580415,2.8861819052580415,11.536370229338036,6.775304350883329,69.26014100008615,0
mismatch|abl|8|lqr_koopstab_dob|n2,mismatch,abl,8,nominal,agile,lqr_koopstab_dob,noise2,1,7.0,,1.0,0.5499554599546209,1.1137932587260484,2.816082915823113,2.816082915823113,17.36910936575091,0.31231006430191754,0.3921549996448448,123
mismatch|abl|8|koop_mpc_dob|n2,mismatch,abl,8,nominal,agile,koop_mpc_dob,noise2,0,,0.07164710314764411,0.07164710314764411,0.06341009519593467,0.12040716392260148,0.2138645857246639,0.03274600862567026,82.36647865303564,3.55117614832731,13.492598999619076,0
mismatch|abl|8|lqr_koop_dob|n2,mismatch,abl,8,nominal,agile,lqr_koop_dob,noise2,0,,0.13504100571560143,0.13504100571560143,0.1213524419433151,0.2293756527800846,0.26748002538284055,0.18500400141883877,81.07926938352155,0.33842019001591933,3.376601000127266,586
mismatch|abl|9|pid_dob|n2,mismatch,abl,9,wind,agile,pid_dob,noise2,0,,0.03194348657184584,0.03194348657184584,0.030292574837253193,0.05232451199255654,0.06675422495357408,0.03190010433683295,3.8576390000403693,0.4095617966777354,2.3533550001957337,0
mismatch|abl|9|physlag_mpc_dob|n2,mismatch,abl,9,wind,agile,physlag_mpc_dob,noise2,0,,0.10568365367321589,0.10568365367321589,0.10365844464537237,0.13309995265854102,0.18613317062818682,0.10133439352005434,1.377838249060169,2.495917248321954,6.675401000393322,0
mismatch|abl|9|koopstab_mpc_dob|n2,mismatch,abl,9,wind,agile,koopstab_mpc_dob,noise2,1,3.25,,1.0,0.6588359046917034,1.8746974656569766,2.6528231532836433,2.6528231532836433,7.092130187227508,6.450575507649494,50.27940799936914,0
mismatch|abl|9|lqr_koopstab_dob|n2,mismatch,abl,9,wind,agile,lqr_koopstab_dob,noise2,1,4.05,,1.0,0.7724766424214609,1.7653749242534826,2.8994019098376884,2.8994019098376884,8.385833570822056,0.4335525678964777,2.984503999869048,73
mismatch|abl|9|koop_mpc_dob|n2,mismatch,abl,9,wind,agile,koop_mpc_dob,noise2,0,,0.2095153361931735,0.2095153361931735,0.20366307824840882,0.261561943751671,0.3128929792806027,0.2553646951920347,88.86434009751093,5.551750660016903,22.737530000085826,0
mismatch|abl|9|lqr_koop_dob|n2,mismatch,abl,9,wind,agile,lqr_koop_dob,noise2,0,,0.23999603622608637,0.23999603622608637,0.22992014543230985,0.3226358779086188,0.3670702792207786,0.2899073601799181,78.95119532588629,0.33727227334111376,4.4806370005971985,523
mismatch|abl|10|pid_dob|n2,mismatch,abl,10,payload,agile,pid_dob,noise2,0,,0.10741693440163559,0.10741693440163559,0.10331187368889734,0.15510449614342983,0.1832141269121808,0.1040782726910138,13.316821682775217,0.41847048498463363,5.484637999870756,0
mismatch|abl|10|physlag_mpc_dob|n2,mismatch,abl,10,payload,agile,physlag_mpc_dob,noise2,0,,0.19535611775973175,0.19535611775973175,0.19274571235058383,0.22644217866494504,0.2353753957158376,0.21653239555222642,1.3981257824790156,1.6836325816651272,5.882675000066229,0
mismatch|abl|10|koopstab_mpc_dob|n2,mismatch,abl,10,payload,agile,koopstab_mpc_dob,noise2,1,4.6,,1.0,0.6226860669671829,1.6867578892519353,2.679488142037861,2.679488142037861,2.220632106853552,4.366334065262771,19.898034999641823,0
mismatch|abl|10|koop_mpc_dob|n2,mismatch,abl,10,payload,agile,koop_mpc_dob,noise2,0,,0.10732456760581172,0.10732456760581172,0.1053167508323683,0.131486766746366,0.14117195479105246,0.0931984718021529,25.129542324533897,2.005125341667432,5.134654999892518,0
mismatch|abl|10|lqr_koopstab_dob|n2,mismatch,abl,10,payload,agile,lqr_koopstab_dob,noise2,1,6.4,,1.0,0.7603425506769664,1.836271056568699,2.2968181637748812,2.2968181637748812,3.054121691464458,0.3442481015838439,1.839100999859511,6
mismatch|abl|10|lqr_koop_dob|n2,mismatch,abl,10,payload,agile,lqr_koop_dob,noise2,0,,0.2340241253716971,0.2340241253716971,0.2236383144127909,0.3292186745319063,0.33608320123803653,0.2700610003198544,21.906788629513912,0.43956387669519853,4.394869999487128,0
mismatch|abl|11|pid_dob|n2,mismatch,abl,11,combined,agile,pid_dob,noise2,0,,0.020357071490388814,0.020357071490388814,0.017068042465897194,0.04181233675433474,0.06053171544908945,0.006914598902201909,3.5219850011200577,0.6410562983031317,5.420553000476502,0
mismatch|abl|11|physlag_mpc_dob|n2,mismatch,abl,11,combined,agile,physlag_mpc_dob,noise2,0,,0.04985727214417039,0.04985727214417039,0.04455474954428523,0.08388847850199979,0.10210477730961598,0.04672475296693771,1.4143946051569178,2.131025599987879,6.28692099962791,0
mismatch|abl|11|koopstab_mpc_dob|n2,mismatch,abl,11,combined,agile,koopstab_mpc_dob,noise2,1,7.3,,1.0,0.3194659988419992,1.0085846737672726,2.790358535834611,2.790358535834611,21.200173254350865,4.890488650669621,16.736194999793952,0
mismatch|abl|11|koop_mpc_dob|n2,mismatch,abl,11,combined,agile,koop_mpc_dob,noise2,0,,0.10317601018826271,0.10317601018826271,0.09536203385348947,0.15916417912619354,0.17665915910493477,0.07716051466424834,87.51601119047014,5.040790828335655,22.45283299998846,0
mismatch|abl|11|lqr_koopstab_dob|n2,mismatch,abl,11,combined,agile,lqr_koopstab_dob,noise2,1,15.700000000000001,,1.0,0.4925107706714903,1.5919556889384918,2.8892699515152938,2.8892699515152938,37.808936671968105,0.3169298662290023,2.419947999442229,304
mismatch|abl|11|lqr_koop_dob|n2,mismatch,abl,11,combined,agile,lqr_koop_dob,noise2,0,,0.19418661116940802,0.19418661116940802,0.17967374326605637,0.3044591485100614,0.35341188630039977,0.22568377717503912,84.62227274766074,0.34248870833683515,4.435197999555385,585
mismatch|abl|12|pid_dob|n2,mismatch,abl,12,nominal,circle,pid_dob,noise2,0,,0.0525545857652473,0.0525545857652473,0.05212287886494248,0.06341754467999895,0.06678540122071865,0.058326722635772946,3.4386911568040603,0.4130981149986231,2.7591499992922763,0
mismatch|abl|12|koop_mpc_dob|n2,mismatch,abl,12,nominal,circle,koop_mpc_dob,noise2,1,4.35,,1.0,0.5049350973692359,1.7538536283194839,2.951882640620739,2.951882640620739,9.334777171335316,5.988820999971659,21.70700599981501,0
mismatch|abl|12|koopstab_mpc_dob|n2,mismatch,abl,12,nominal,circle,koopstab_mpc_dob,noise2,1,2.8,,1.0,0.4718524512123059,1.513630898289247,2.610323332782762,2.610323332782762,6.8011878681254,5.608188999888496,15.581398999529483,0
mismatch|abl|12|lqr_koopstab_dob|n2,mismatch,abl,12,nominal,circle,lqr_koopstab_dob,noise2,1,2.7,,1.0,0.5714179329477495,1.991455476743673,2.717109854784314,2.717109854784314,4.7079582771591415,0.3725797221671167,1.8571529999462655,48
mismatch|abl|12|lqr_koop_dob|n2,mismatch,abl,12,nominal,circle,lqr_koop_dob,noise2,1,8.4,,1.0,0.3134610630886515,0.9098653330877354,2.33504897724933,2.33504897724933,21.894826915616168,0.43089560713161473,2.413927999441512,136
mismatch|abl|12|physlag_mpc_dob|n2,mismatch,abl,12,nominal,circle,physlag_mpc_dob,noise2,0,,0.18925580917468043,0.18925580917468043,0.18785494078678544,0.2027807121869328,0.20473220791056998,0.2001908467312072,1.2176014395873045,2.459508450007585,8.564601000216499,0
mismatch|abl|13|pid_dob|n2,mismatch,abl,13,wind,circle,pid_dob,noise2,0,,0.051090759523942514,0.051090759523942514,0.04961051313489017,0.07525306959297283,0.09060258868157697,0.03973348362063886,3.842670086323574,0.7130325750085831,4.587929000081203,0
mismatch|abl|13|physlag_mpc_dob|n2,mismatch,abl,13,wind,circle,physlag_mpc_dob,noise2,0,,0.19604038817551445,0.19604038817551445,0.19247807408354856,0.2647354722927039,0.30026840755207546,0.1895478784753536,1.3502559246129375,2.3691164249855015,6.031927000549331,0
mismatch|abl|13|koopstab_mpc_dob|n2,mismatch,abl,13,wind,circle,koopstab_mpc_dob,noise2,1,4.4,,1.0,0.4047353437103874,1.071163779334353,2.551378450900795,2.551378450900795,11.22272915296621,5.420859738612969,16.860356000506727,0
mismatch|abl|13|lqr_koopstab_dob|n2,mismatch,abl,13,wind,circle,lqr_koopstab_dob,noise2,1,2.9,,1.0,0.46059775785854484,1.5005050307392314,2.8184854550168232,2.8184854550168232,6.271404303724114,0.32130668958039865,0.39413000013155397,39
mismatch|abl|13|koop_mpc_dob|n2,mismatch,abl,13,wind,circle,koop_mpc_dob,noise2,0,,0.32684258517702064,0.32684258517702064,0.313637761457834,0.4955781231017364,0.6116913494180813,0.476372537655046,89.74120890276313,4.542754268327371,19.68983900042076,0
mismatch|abl|13|lqr_koop_dob|n2,mismatch,abl,13,wind,circle,lqr_koop_dob,noise2,0,,0.28200263309666135,0.28200263309666135,0.25792691818709734,0.45007311198144595,0.8051523645133176,0.3525581993605714,94.11475759322816,0.3377455500200692,2.4258800003735814,511
mismatch|abl|14|pid_dob|n2,mismatch,abl,14,payload,circle,pid_dob,noise2,0,,0.03995139894984959,0.03995139894984959,0.039068243987374046,0.05177631086889525,0.06427335526614525,0.04699310531961053,4.428485686752869,0.41845841332815326,2.4677210003574146,0
mismatch|abl|14|physlag_mpc_dob|n2,mismatch,abl,14,payload,circle,physlag_mpc_dob,noise2,0,,0.14598558911977202,0.14598558911977202,0.14484674523112037,0.16099434600593363,0.16608456013359035,0.15633792903638222,1.3469705604437305,2.0592784249962883,5.874878000213357,0
mismatch|abl|14|koop_mpc_dob|n2,mismatch,abl,14,payload,circle,koop_mpc_dob,noise2,0,,0.17493680137784257,0.17493680137784257,0.16221871355040468,0.29469837091338874,0.3967227956624404,0.11882879166866699,36.217816136783185,3.5539480799964926,12.59024600039993,0
mismatch|abl|14|koopstab_mpc_dob|n2,mismatch,abl,14,payload,circle,koopstab_mpc_dob,noise2,0,,0.3868180646310377,0.3868180646310377,0.3466047188406008,0.6130608566971505,0.8474837358169959,0.10528589410400055,8.278408705030321,3.3344485533507395,30.27252599986241,0
mismatch|abl|14|lqr_koopstab_dob|n2,mismatch,abl,14,payload,circle,lqr_koopstab_dob,noise2,0,,0.21478051587019673,0.21478051587019673,0.21163485118286124,0.25870652977432446,0.2612990927984272,0.1988156199045463,6.873871130587557,0.36429655500190466,3.991323999798624,0
mismatch|abl|14|lqr_koop_dob|n2,mismatch,abl,14,payload,circle,lqr_koop_dob,noise2,0,,0.11441701546133376,0.11441701546133376,0.11218415129995904,0.1411519801506256,0.14632073045942068,0.11089866042384343,22.202261672608138,0.351687266661429,1.4292770001702593,0
mismatch|abl|15|pid_dob|n2,mismatch,abl,15,combined,circle,pid_dob,noise2,0,,0.11542056680902923,0.11542056680902923,0.10376047080708725,0.1990816438822508,0.2870229802814673,0.03308296388266016,24.995137869380546,0.4141299649973007,2.481422000528255,0
mismatch|abl|15|physlag_mpc_dob|n2,mismatch,abl,15,combined,circle,physlag_mpc_dob,noise2,1,13.700000000000001,,1.0,0.2901701492722511,1.2255418630395944,2.157120661780727,2.157120661780727,10.315374664152122,2.090845529215107,5.638773999635305,0
mismatch|abl|15|koopstab_mpc_dob|n2,mismatch,abl,15,combined,circle,koopstab_mpc_dob,noise2,1,6.45,,1.0,0.3028353417599657,0.5461080279222044,1.6394000500305792,1.6394000500305792,6.025933134316222,3.090325472861201,14.259733000471897,0
mismatch|abl|15|koop_mpc_dob|n2,mismatch,abl,15,combined,circle,koop_mpc_dob,noise2,0,,0.08371120026455761,0.08371120026455761,0.0802325185750754,0.12311429795191921,0.2096134255060304,0.07280355938914883,25.704888004860994,2.4128413800175017,10.265436999361555,0
mismatch|abl|15|lqr_koopstab_dob|n2,mismatch,abl,15,combined,circle,lqr_koopstab_dob,noise2,0,,0.268648155308136,0.268648155308136,0.25350113554289827,0.41047518276521233,0.5048945993446542,0.4314803040447098,6.704099823913464,0.4278208016648932,4.404590999911306,0
mismatch|abl|15|lqr_koop_dob|n2,mismatch,abl,15,combined,circle,lqr_koop_dob,noise2,0,,0.14777899660741997,0.14777899660741997,0.138861193089125,0.2529067209427611,0.3335037893188678,0.1173322864979011,21.06617171899453,0.5762677933353189,5.520357000023068,0
mismatch|abl|16|pid_dob|n2,mismatch,abl,16,nominal,figure8,pid_dob,noise2,0,,0.09708025888766805,0.09708025888766805,0.08339276728022578,0.1956775724768906,0.2985963500302585,0.08451867022278728,21.575602126365645,0.6836902000001525,6.534144000397646,0
mismatch|abl|16|physlag_mpc_dob|n2,mismatch,abl,16,nominal,figure8,physlag_mpc_dob,noise2,0,,0.1363794374598308,0.1363794374598308,0.13191647701754108,0.20506630153197924,0.2930904937071648,0.22512763736126118,9.026547092565513,1.6671568516767366,4.593265999574214,0
mismatch|abl|16|koop_mpc_dob|n2,mismatch,abl,16,nominal,figure8,koop_mpc_dob,noise2,0,,0.18939903617711412,0.18939903617711412,0.1816189029672022,0.25668867865639144,0.3232062556211862,0.20976495653449964,20.784848999522207,1.995590444997409,5.778583000392246,0
mismatch|abl|16|lqr_koopstab_dob|n2,mismatch,abl,16,nominal,figure8,lqr_koopstab_dob,noise2,0,,0.20105016991599128,0.20105016991599128,0.1911608981784011,0.2881993134382341,0.30003774881790746,0.2590482247119727,5.316978449310175,0.3464824633374519,3.4321100001761806,0
mismatch|abl|16|koopstab_mpc_dob|n2,mismatch,abl,16,nominal,figure8,koopstab_mpc_dob,noise2,0,,0.34019263299848246,0.34019263299848246,0.30906992534146355,0.5801172982036283,0.7369509767792177,0.15814420957650294,16.188944842103137,2.0211446583304373,5.9783690003314405,0
mismatch|abl|16|lqr_koop_dob|n2,mismatch,abl,16,nominal,figure8,lqr_koop_dob,noise2,0,,0.10664422314758254,0.10664422314758254,0.09229714879508862,0.18820334842770606,0.22171780209622222,0.18549620957317833,17.06912049913296,0.4357833716630921,4.157704000135709,0
mismatch|abl|17|pid_dob|n2,mismatch,abl,17,wind,figure8,pid_dob,noise2,0,,0.04900328043557391,0.04900328043557391,0.04749001644987807,0.07348677118351095,0.09544337828288953,0.05023428941503143,4.64668406694546,0.5892008499904478,4.490063999583072,0
mismatch|abl|17|physlag_mpc_dob|n2,mismatch,abl,17,wind,figure8,physlag_mpc_dob,noise2,0,,0.17444894795940535,0.17444894795940535,0.17168932402142661,0.22439258027117331,0.25120452059521514,0.1740756282070239,1.4202691937836402,2.1366376750014147,5.84742999944865,0
mismatch|abl|17|koop_mpc_dob|n2,mismatch,abl,17,wind,figure8,koop_mpc_dob,noise2,0,,0.22418645414348315,0.22418645414348315,0.2105404726245924,0.35541226377905233,0.4494697367017996,0.2356200850695805,53.81748597130846,3.71788378835087,18.675338000321062,0
mismatch|abl|17|koopstab_mpc_dob|n2,mismatch,abl,17,wind,figure8,koopstab_mpc_dob,noise2,1,14.750000000000002,,1.0,0.28772206521588883,0.5254178639613579,2.6687566298374863,2.6687566298374863,17.21690688494385,2.6398524101966623,23.14315399962652,0
mismatch|abl|17|lqr_koopstab_dob|n2,mismatch,abl,17,wind,figure8,lqr_koopstab_dob,noise2,0,,0.423827852184674,0.423827852184674,0.3948726943143485,0.6894170373400731,0.7983660697338657,0.39503700341497056,17.555561835284102,0.34485218335248646,4.931002000375884,21
mismatch|abl|17|lqr_koop_dob|n2,mismatch,abl,17,wind,figure8,lqr_koop_dob,noise2,0,,0.3171905123954019,0.3171905123954019,0.24387677896756169,0.7194567029045886,1.2363010729112645,1.2363010729112645,44.70262218212799,0.34782736666935915,4.454154000086419,104
mismatch|abl|18|pid_dob|n2,mismatch,abl,18,payload,figure8,pid_dob,noise2,0,,0.030113998092046727,0.030113998092046727,0.029045044172270426,0.04193519998275422,0.05145337053719665,0.04149883665695617,13.733120991950878,0.4495561566879284,4.440261999661743,0
mismatch|abl|18|physlag_mpc_dob|n2,mismatch,abl,18,payload,figure8,physlag_mpc_dob,noise2,0,,0.07693156818339211,0.07693156818339211,0.0766187035305879,0.08473006312654716,0.09008018910549982,0.08013080212485321,1.3601751703317557,2.2627093366660724,6.768250999812153,0
mismatch|abl|18|koopstab_mpc_dob|n2,mismatch,abl,18,payload,figure8,koopstab_mpc_dob,noise2,1,7.1000000000000005,,1.0,0.34526451200137004,1.1311931321853417,2.9088630071637382,2.9088630071637382,3.7887332600624917,5.544364211269106,55.774693999410374,0
mismatch|abl|18|koop_mpc_dob|n2,mismatch,abl,18,payload,figure8,koop_mpc_dob,noise2,0,,0.12838447608025186,0.12838447608025186,0.10825873752069055,0.23526807572077751,0.4721211038374497,0.15656312697996308,34.51799883577936,3.080994634997296,11.147035999783839,0
mismatch|abl|18|lqr_koopstab_dob|n2,mismatch,abl,18,payload,figure8,lqr_koopstab_dob,noise2,0,,0.5227615810897257,0.5227615810897257,0.46646243166349866,0.9140011162876469,1.0301580747651473,0.7392298962450747,7.519556834370642,0.3578535616725276,2.7497800001583528,0
mismatch|abl|18|lqr_koop_dob|n2,mismatch,abl,18,payload,figure8,lqr_koop_dob,noise2,0,,0.06926841342680712,0.06926841342680712,0.06439244344533289,0.10645963270674128,0.11488660537314666,0.04480870225839754,23.630287563694907,0.34260891833279555,2.4271110005429364,0
mismatch|abl|19|pid_dob|n2,mismatch,abl,19,combined,figure8,pid_dob,noise2,0,,0.028674948276521905,0.028674948276521905,0.026873234431566275,0.046574500056139466,0.061224855935851794,0.01908505033930192,4.052510813946171,0.40807816500849486,2.5067130000024918,0
mismatch|abl|19|physlag_mpc_dob|n2,mismatch,abl,19,combined,figure8,physlag_mpc_dob,noise2,0,,0.10066550605353929,0.10066550605353929,0.09939426432284364,0.13274549227815266,0.15595911910209226,0.08759260009733302,1.210343806120332,1.6504796166615658,5.711029999474704,0
mismatch|abl|19|koopstab_mpc_dob|n2,mismatch,abl,19,combined,figure8,koopstab_mpc_dob,noise2,1,14.600000000000001,,1.0,0.3081372631193279,0.4565071968526171,2.4916221219168913,2.4916221219168913,24.268084188438564,3.5981479999906063,42.3387119999461,0
mismatch|abl|19|koop_mpc_dob|n2,mismatch,abl,19,combined,figure8,koop_mpc_dob,noise2,0,,0.12979153065689789,0.12979153065689789,0.12554542898220428,0.18600838610093584,0.23013734972616298,0.14603950124818724,68.64850034682756,5.416832356660659,22.96801400007098,0
mismatch|abl|19|lqr_koopstab_dob|n2,mismatch,abl,19,combined,figure8,lqr_koopstab_dob,noise2,0,,0.3867789381462391,0.3867789381462391,0.3274541494370152,0.8115595531071335,0.9801874931713237,0.39652160626121435,57.61571009365087,0.5399378816764511,5.363614000089001,511
mismatch|abl|19|lqr_koop_dob|n2,mismatch,abl,19,combined,figure8,lqr_koop_dob,noise2,0,,0.1259925184537213,0.1259925184537213,0.11925542061984293,0.21733746304431342,0.25188741443397566,0.09172506814720262,69.8830753446072,0.4330320900013855,5.411946999629436,502
mismatch|abl|20|pid_dob|n2,mismatch,abl,20,nominal,agile,pid_dob,noise2,0,,0.044878844210369036,0.044878844210369036,0.044370260259237806,0.056151598232392685,0.06156124569350688,0.046859340062252945,3.404197451658586,0.4128492266590911,2.4765230000411975,0
mismatch|abl|20|physlag_mpc_dob|n2,mismatch,abl,20,nominal,agile,physlag_mpc_dob,noise2,0,,0.16618595135666506,0.16618595135666506,0.16479378744880294,0.1923049204180621,0.19663551729698892,0.15482776109769758,1.4386711187147467,1.6356836400033596,5.750866999733262,0
mismatch|abl|20|koopstab_mpc_dob|n2,mismatch,abl,20,nominal,agile,koopstab_mpc_dob,noise2,1,3.85,,1.0,0.4477003510890214,1.2276397141110882,2.696394194041603,2.696394194041603,12.169371832893315,5.024552480542545,14.748214000064763,0
mismatch|abl|20|lqr_koopstab_dob|n2,mismatch,abl,20,nominal,agile,lqr_koopstab_dob,noise2,1,17.85,,1.0,0.820103182872574,1.4657893457646203,2.943060508847303,2.943060508847303,41.60123328483145,0.31456854341603263,0.6216530000529019,330
mismatch|abl|20|koop_mpc_dob|n2,mismatch,abl,20,nominal,agile,koop_mpc_dob,noise2,0,,0.3998348955463754,0.3998348955463754,0.38188552503681833,0.4991839199484218,0.8551055289175556,0.10757100035662545,107.84380448894936,4.059271318334747,30.181161000655266,0
mismatch|abl|20|lqr_koop_dob|n2,mismatch,abl,20,nominal,agile,lqr_koop_dob,noise2,0,,0.36041702906407763,0.36041702906407763,0.3469521187359714,0.5022057839575808,0.5408013047241823,0.45071398409727104,78.46972474905766,0.4812324749855179,4.427922000104445,592
mismatch|abl|21|pid_dob|n2,mismatch,abl,21,wind,agile,pid_dob,noise2,0,,0.05425034849382564,0.05425034849382564,0.053483457716531006,0.0658051515763226,0.08312652727966144,0.06461054411785742,3.790723873675542,0.6386544333448304,4.493281000577554,0
mismatch|abl|21|physlag_mpc_dob|n2,mismatch,abl,21,wind,agile,physlag_mpc_dob,noise2,0,,0.19529014040405496,0.19529014040405496,0.19217317349492585,0.24673203216001025,0.26671344395177105,0.19123997946448917,1.3593547390425162,2.074920118338923,6.694737000543682,0
mismatch|abl|21|koopstab_mpc_dob|n2,mismatch,abl,21,wind,agile,koopstab_mpc_dob,noise2,1,2.45,,1.0,0.5446346867011019,1.5084831080744479,2.350753229641586,2.350753229641586,4.63447193142817,5.448077693843664,17.17016800012061,0
mismatch|abl|21|lqr_koopstab_dob|n2,mismatch,abl,21,wind,agile,lqr_koopstab_dob,noise2,1,6.65,,1.0,0.9465493096150815,1.9098037189634451,2.8370379104211754,2.8370379104211754,15.804104972712299,0.34065336099833676,4.342932000326982,108
mismatch|abl|21|koop_mpc_dob|n2,mismatch,abl,21,wind,agile,koop_mpc_dob,noise2,0,,0.2777379423420586,0.2777379423420586,0.255451903011433,0.44310322783854217,0.6062256728420319,0.1434450858480171,96.46903796700914,4.838546273337367,31.13641300024028,0
mismatch|abl|21|lqr_koop_dob|n2,mismatch,abl,21,wind,agile,lqr_koop_dob,noise2,0,,0.42166460915139914,0.42166460915139914,0.3971713992815947,0.6440942353346906,0.6696212051312807,0.6020068894947161,74.82624421541308,0.34148147666807444,3.4428520002620644,584
mismatch|abl|22|pid_dob|n2,mismatch,abl,22,payload,agile,pid_dob,noise2,0,,0.04074675064387508,0.04074675064387508,0.03928291359797636,0.06090875991272894,0.07039098470080349,0.04797149793033849,3.98333315664836,0.41091535333028634,4.022533999886946,0
mismatch|abl|22|physlag_mpc_dob|n2,mismatch,abl,22,payload,agile,physlag_mpc_dob,noise2,0,,0.1424745524935152,0.1424745524935152,0.14041948263314538,0.17671215771511206,0.18198158217311897,0.13743994268209977,2.223313953488937,1.9526288516893449,5.7390459996895515,0
mismatch|abl|22|koopstab_mpc_dob|n2,mismatch,abl,22,payload,agile,koopstab_mpc_dob,noise2,1,8.200000000000001,,1.0,0.42594869648938666,0.6515846473884083,2.822119280825654,2.822119280825654,27.89833672205079,8.802660963471968,45.262186999934784,0
mismatch|abl|22|lqr_koopstab_dob|n2,mismatch,abl,22,payload,agile,lqr_koopstab_dob,noise2,1,3.0,,1.0,0.8586378028100279,2.0536463498046977,2.795380887474814,2.795380887474814,6.767630788751899,0.5428681167056008,4.337456000030215,48
mismatch|abl|22|koop_mpc_dob|n2,mismatch,abl,22,payload,agile,koop_mpc_dob,noise2,0,,0.3304422634379053,0.3304422634379053,0.3195398733039302,0.44673514793262603,0.611961061391278,0.4345374342118265,102.43804361574404,6.390075935000823,31.92475600008038,0
mismatch|abl|22|lqr_koop_dob|n2,mismatch,abl,22,payload,agile,lqr_koop_dob,noise2,0,,0.39413261287137047,0.39413261287137047,0.3635571728945647,0.6486976465536882,0.7581372221317034,0.5008841721776031,85.20230339839841,0.3603259783540125,4.493051000281412,574
mismatch|abl|23|pid_dob|n2,mismatch,abl,23,combined,agile,pid_dob,noise2,0,,0.06892996419745206,0.06892996419745206,0.06585464248684005,0.09965831933876834,0.13134657587398235,0.07045191129364983,3.9332488396091634,0.41965446668655204,4.462426999452873,0
mismatch|abl|23|physlag_mpc_dob|n2,mismatch,abl,23,combined,agile,physlag_mpc_dob,noise2,0,,0.20193838174667034,0.20193838174667034,0.19702779043322924,0.2685744180891357,0.28692646147855494,0.2296835355490319,1.378282588391869,1.6146112983172618,5.717840000215801,0
mismatch|abl|23|koopstab_mpc_dob|n2,mismatch,abl,23,combined,agile,koopstab_mpc_dob,noise2,1,5.2,,1.0,0.3868455286887269,0.5784192776542971,1.6512734024356157,1.6512734024356157,9.878247786485446,3.613901567309068,17.999626000346325,0
mismatch|abl|23|koop_mpc_dob|n2,mismatch,abl,23,combined,agile,koop_mpc_dob,noise2,0,,0.21916369395314797,0.21916369395314797,0.2123608019016876,0.30457843219184955,0.4042743237819792,0.22248124442941913,78.5318918069982,5.282882964991889,18.534374000410025,0
mismatch|abl|23|lqr_koopstab_dob|n2,mismatch,abl,23,combined,agile,lqr_koopstab_dob,noise2,0,,0.6126922093586806,0.6126922093586806,0.5747477684333692,1.0238923244201363,1.2429189783501735,0.5029499379338627,57.22222069955019,0.3489949966600155,3.5635010008263635,571
mismatch|abl|23|lqr_koop_dob|n2,mismatch,abl,23,combined,agile,lqr_koop_dob,noise2,0,,0.4589100087697002,0.4589100087697002,0.39618196961673574,0.7990577656022617,2.1203950819868163,2.1203950819868163,71.07834315104093,0.5686816116713089,4.437358999894059,499
mismatch|abl|24|pid_dob|n2,mismatch,abl,24,nominal,circle,pid_dob,noise2,0,,0.07257109831680833,0.07257109831680833,0.0699777894982401,0.10113734392194104,0.11741912198109575,0.07655965483393187,13.837144649832428,0.6866936683460759,5.463485000291257,0
mismatch|abl|24|physlag_mpc_dob|n2,mismatch,abl,24,nominal,circle,physlag_mpc_dob,noise2,0,,0.12636512468688704,0.12636512468688704,0.12597501679193268,0.13579418364958812,0.13929233816051576,0.12997752516730265,1.3465302738535732,1.9129891516649877,6.904360000589804,0
mismatch|abl|24|koopstab_mpc_dob|n2,mismatch,abl,24,nominal,circle,koopstab_mpc_dob,noise2,1,5.7,,1.0,0.3729892882678634,0.9278622923033939,2.7228320413483944,2.7228320413483944,2.562002788271644,3.6021021579201036,17.58222799981013,0
mismatch|abl|24|koop_mpc_dob|n2,mismatch,abl,24,nominal,circle,koop_mpc_dob,noise2,0,,0.10992443291064834,0.10992443291064834,0.10621517346975769,0.15970716657727807,0.2056912344115906,0.10850616274151725,26.44948396847377,2.188305016651005,8.804588999737462,0
mismatch|abl|24|lqr_koopstab_dob|n2,mismatch,abl,24,nominal,circle,lqr_koopstab_dob,noise2,0,,0.442709340272542,0.442709340272542,0.4095989828636691,0.7815503993083593,0.8690660861022887,0.8678856643276209,7.040195202797716,0.3511368800263881,4.423471000336576,0
mismatch|abl|24|lqr_koop_dob|n2,mismatch,abl,24,nominal,circle,lqr_koop_dob,noise2,0,,0.1315480203712634,0.1315480203712634,0.13076429348697688,0.14818449155691055,0.15972996610556256,0.15972996610556256,23.160865199293053,0.3525934966501154,2.4911880000217934,0
mismatch|abl|25|physlag_mpc_dob|n2,mismatch,abl,25,wind,circle,physlag_mpc_dob,noise2,1,6.4,,1.0,0.37174996950589084,1.5920539973029249,2.979227684365599,2.979227684365599,7.26315304682857,2.2580882031206784,6.759107999641856,0
mismatch|abl|25|pid_dob|n2,mismatch,abl,25,wind,circle,pid_dob,noise2,1,12.200000000000001,,1.0,0.18097936722583283,0.6755856247150133,2.6647546870182826,2.6647546870182826,18.72550482673385,0.4233946967256312,2.625461999741674,0
mismatch|abl|25|koopstab_mpc_dob|n2,mismatch,abl,25,wind,circle,koopstab_mpc_dob,noise2,1,5.75,,1.0,0.2783010183868078,0.4626680585366564,1.106444357222287,1.106444357222287,3.0339626138179505,4.893731321728568,39.299721000134014,0
mismatch|abl|25|koop_mpc_dob|n2,mismatch,abl,25,wind,circle,koop_mpc_dob,noise2,0,,0.10528573913325047,0.10528573913325047,0.1012351824661489,0.15207839309858676,0.18463159249074432,0.12354303601633358,23.83636941236567,3.3292381066773182,10.774943999422248,0
mismatch|abl|25|lqr_koopstab_dob|n2,mismatch,abl,25,wind,circle,lqr_koopstab_dob,noise2,0,,0.304290432781995,0.304290432781995,0.2775106494601176,0.5417634889613779,0.5926176097478394,0.5926176097478394,6.317962695362589,0.5475786883289402,4.409359000419499,0
mismatch|abl|25|lqr_koop_dob|n2,mismatch,abl,25,wind,circle,lqr_koop_dob,noise2,0,,0.16826039863532008,0.16826039863532008,0.14003326271636718,0.3720976720323434,0.49301056424782114,0.11565714552940018,21.910209406771198,0.3560287683270265,2.414483999928052,0
mismatch|abl|26|pid_dob|n2,mismatch,abl,26,payload,circle,pid_dob,noise2,0,,0.0344021831175538,0.0344021831175538,0.03377107831048021,0.043905701944780835,0.06279257261804393,0.031038743868574963,3.9042720555857944,0.40678538333850156,0.5233000001680921,0
mismatch|abl|26|physlag_mpc_dob|n2,mismatch,abl,26,payload,circle,physlag_mpc_dob,noise2,0,,0.11549956735739647,0.11549956735739647,0.11471536826165595,0.12511956628377252,0.12749448364561802,0.11150302676954053,1.2940112743682743,1.7946307200054434,6.002125999657437,0
mismatch|abl|26|koop_mpc_dob|n2,mismatch,abl,26,payload,circle,koop_mpc_dob,noise2,0,,0.15642285827773544,0.15642285827773544,0.15022678179621352,0.21186414203670928,0.2502945891877382,0.18817278073664706,83.7337810808018,5.339243260013973,30.841228000099363,0
mismatch|abl|26|koopstab_mpc_dob|n2,mismatch,abl,26,payload,circle,koopstab_mpc_dob,noise2,0,,0.31161267893663686,0.31161267893663686,0.3017488943481738,0.43993626652016715,0.5758427186639133,0.30319680948871264,56.30671748622656,4.47304380832217,17.034372000125586,0
mismatch|abl|26|lqr_koopstab_dob|n2,mismatch,abl,26,payload,circle,lqr_koopstab_dob,noise2,0,,0.3746440198241621,0.3746440198241621,0.36693539005385767,0.45868089734506656,0.48454424339176316,0.47066663208021475,64.06824323532021,0.5560258066558769,4.425740999977279,518
mismatch|abl|26|lqr_koop_dob|n2,mismatch,abl,26,payload,circle,lqr_koop_dob,noise2,0,,0.18459721165119375,0.18459721165119375,0.17943711040861335,0.2475208996309827,0.30551849724976204,0.204013895489863,78.57396852980767,0.4543723966556475,4.454478000297968,518
mismatch|abl|27|pid_dob|n2,mismatch,abl,27,combined,circle,pid_dob,noise2,0,,0.08959868779279541,0.08959868779279541,0.08476281346065578,0.12817146405429874,0.18087903655288354,0.08981610474241307,13.956063911862618,0.450614241653966,3.449002000706969,0
mismatch|abl|27|physlag_mpc_dob|n2,mismatch,abl,27,combined,circle,physlag_mpc_dob,noise2,0,,0.13627837562733805,0.13627837562733805,0.13347026006086704,0.16582667871127496,0.22104564682170894,0.15928414303299496,1.493227921644798,1.8267077666632758,5.803504999676079,0
mismatch|abl|27|koop_mpc_dob|n2,mismatch,abl,27,combined,circle,koop_mpc_dob,noise2,0,,0.07285377609196506,0.07285377609196506,0.07062254525442545,0.09801330955433903,0.132728066341558,0.05177344125119811,23.541872365568214,2.215394180002477,9.888665999824298,0
mismatch|abl|27|koopstab_mpc_dob|n2,mismatch,abl,27,combined,circle,koopstab_mpc_dob,noise2,1,4.6,,1.0,0.6206424219122286,1.6901136982176408,2.783902858907514,2.783902858907514,2.1288627504732758,5.514863423899363,32.99686499940435,0
mismatch|abl|27|lqr_koopstab_dob|n2,mismatch,abl,27,combined,circle,lqr_koopstab_dob,noise2,0,,0.7444188314042629,0.7444188314042629,0.6716761639613906,1.2848097321744318,1.5204692894643883,0.6031485934969256,8.254751736808617,0.3810112650216979,4.695530999924813,4
mismatch|abl|27|lqr_koop_dob|n2,mismatch,abl,27,combined,circle,lqr_koop_dob,noise2,0,,0.19183623109829553,0.19183623109829553,0.18303690464968084,0.2502086754959214,0.2820757247921399,0.2301729962829017,20.24997516792059,0.4135734016517745,4.413046999616199,0
mismatch|abl|28|pid_dob|n2,mismatch,abl,28,nominal,figure8,pid_dob,noise2,0,,0.05211147497507492,0.05211147497507492,0.051709725433854485,0.06203829597957673,0.07016348320054953,0.04941490547768903,3.576241919830912,0.6798513416773252,4.517551000390085,0
mismatch|abl|28|physlag_mpc_dob|n2,mismatch,abl,28,nominal,figure8,physlag_mpc_dob,noise2,0,,0.18417468285291597,0.18417468285291597,0.18319469880237974,0.19402409800273343,0.19881891967675416,0.19204354723523348,1.2706387618683201,2.540217271683408,7.284356999662123,0
mismatch|abl|28|koopstab_mpc_dob|n2,mismatch,abl,28,nominal,figure8,koopstab_mpc_dob,noise2,1,2.3,,1.0,0.5430396906797291,2.0337439252215033,2.9519763067106988,2.9519763067106988,3.1374100793225383,7.321438521755582,25.168080000185,0
mismatch|abl|28|lqr_koopstab_dob|n2,mismatch,abl,28,nominal,figure8,lqr_koopstab_dob,noise2,1,3.0,,1.0,0.6768402743688217,2.5511572379604828,2.975620402597388,2.975620402597388,5.942476494607239,0.31016673337944667,0.374625000404194,43
mismatch|abl|28|lqr_koop_dob|n2,mismatch,abl,28,nominal,figure8,lqr_koop_dob,noise2,1,4.4,,1.0,0.38505402341084577,1.2148502567645887,2.280889201337522,2.280889201337522,9.790402178189554,0.3171463068011607,0.4237470002408372,81
mismatch|abl|28|koop_mpc_dob|n2,mismatch,abl,28,nominal,figure8,koop_mpc_dob,noise2,0,,0.32171749272495437,0.32171749272495437,0.30872658861813684,0.4885917668597743,0.5625966466284631,0.31437027781993665,96.29587114689343,4.529818603335419,19.540047999726085,0
mismatch|abl|29|pid_dob|n2,mismatch,abl,29,wind,figure8,pid_dob,noise2,0,,0.03991150060764817,0.03991150060764817,0.03759060395498778,0.06558415295816211,0.10693161065104455,0.031444344888133025,3.6977092267941587,0.4001325333410932,4.525811000348767,0
mismatch|abl|29|physlag_mpc_dob|n2,mismatch,abl,29,wind,figure8,physlag_mpc_dob,noise2,0,,0.13594731120975045,0.13594731120975045,0.13204727975356212,0.19670218584006505,0.2682773873673476,0.12322830060872418,1.2693306597131153,1.622163303306176,4.65218699991965,0
mismatch|abl|29|koop_mpc_dob|n2,mismatch,abl,29,wind,figure8,koop_mpc_dob,noise2,0,,0.1423522566318852,0.1423522566318852,0.1399086843023862,0.18928815552365894,0.2192899085310124,0.15489745857725515,72.86481892539209,5.452629151686779,35.81529999974009,0
mismatch|abl|29|koopstab_mpc_dob|n2,mismatch,abl,29,wind,figure8,koopstab_mpc_dob,noise2,1,24.900000000000002,,1.0,0.36701465777555037,0.6450808148883022,2.3082278938054333,2.3082278938054333,39.483938129253715,5.6336154738945545,51.52447399996163,0
mismatch|abl|29|lqr_koopstab_dob|n2,mismatch,abl,29,wind,figure8,lqr_koopstab_dob,noise2,0,,0.35446124422427083,0.35446124422427083,0.29593053309076645,0.7271156486711489,0.8247842069657644,0.1038368069966477,55.0030915881832,0.4831551333169652,4.411197999615979,396
mismatch|abl|29|lqr_koop_dob|n2,mismatch,abl,29,wind,figure8,lqr_koop_dob,noise2,0,,0.2083231714082248,0.2083231714082248,0.17832423753619625,0.43129119215147094,0.5349476247545961,0.09502132755623403,70.55027382187778,0.34364377331712603,4.31222999941383,418
mismatch|abl|30|pid_dob|n2,mismatch,abl,30,payload,figure8,pid_dob,noise2,0,,0.03577947374921989,0.03577947374921989,0.03493874157710244,0.04831983681390638,0.05482340863736078,0.033046487223002755,3.7886485587872154,0.4158687966598033,2.8818760001740884,0
mismatch|abl|30|physlag_mpc_dob|n2,mismatch,abl,30,payload,figure8,physlag_mpc_dob,noise2,0,,0.15060482570165235,0.15060482570165235,0.14900858707170642,0.17449966980111867,0.17924347683492353,0.14171370906993436,1.3136933732894946,1.6286176433307749,3.724244999830262,0
mismatch|abl|30|koop_mpc_dob|n2,mismatch,abl,30,payload,figure8,koop_mpc_dob,noise2,0,,0.23199083845178137,0.23199083845178137,0.21855393142751153,0.37126072875135063,0.45438952103500807,0.19238074569258296,70.15708831006121,3.2147387300104433,13.50531600019167,0
mismatch|abl|30|lqr_koopstab_dob|n2,mismatch,abl,30,payload,figure8,lqr_koopstab_dob,noise2,0,,0.36612638916004675,0.36612638916004675,0.328123551077383,0.6053852249320221,0.9235148068518654,0.28527152165885933,54.25000544232378,0.4954692600449562,5.397467999500805,341
mismatch|abl|30|koopstab_mpc_dob|n2,mismatch,abl,30,payload,figure8,koopstab_mpc_dob,noise2,0,,0.35976963606752904,0.35976963606752904,0.32377388979646116,0.6435866668292656,0.8714559565489965,0.2207629390965848,49.88312393844433,4.425410211651979,16.56651199937187,0
mismatch|abl|30|lqr_koop_dob|n2,mismatch,abl,30,payload,figure8,lqr_koop_dob,noise2,0,,0.20581493615068017,0.20581493615068017,0.17925362513207954,0.4188801288501835,0.6678808776017269,0.1767672619494157,70.09475349026474,0.40081946667517815,4.405358999974851,361
mismatch|abl|31|pid_dob|n2,mismatch,abl,31,combined,figure8,pid_dob,noise2,0,,0.04273453170152456,0.04273453170152456,0.04184500536559287,0.05493916194452127,0.07078093514614871,0.050021135840881935,3.982316368301479,0.5302707000161414,4.484962999413256,0
mismatch|abl|31|physlag_mpc_dob|n2,mismatch,abl,31,combined,figure8,physlag_mpc_dob,noise2,0,,0.14929928331216866,0.14929928331216866,0.1473475458326755,0.18186137606871938,0.1964914240057271,0.15793704715765308,5.7148342532156935,1.6034480883172364,4.9474400002509356,0
mismatch|abl|31|koopstab_mpc_dob|n2,mismatch,abl,31,combined,figure8,koopstab_mpc_dob,noise2,1,5.8,,1.0,0.39315506817960627,1.3443820474643806,2.818546095069945,2.818546095069945,19.06926485010559,4.122747931025264,15.279590999853099,0
mismatch|abl|31|lqr_koopstab_dob|n2,mismatch,abl,31,combined,figure8,lqr_koopstab_dob,noise2,1,9.700000000000001,,1.0,0.6302736530581267,1.5474309233977352,2.7619962085272127,2.7619962085272127,22.124832215742728,0.3111685257666527,0.4889639994871686,177
mismatch|abl|31|koop_mpc_dob|n2,mismatch,abl,31,combined,figure8,koop_mpc_dob,noise2,0,,0.33410019496298743,0.33410019496298743,0.3248859457738086,0.43873901528802983,0.47266902417256484,0.3826211425090166,89.00038589902198,4.496572163328286,24.297191000187013,0
mismatch|abl|31|lqr_koop_dob|n2,mismatch,abl,31,combined,figure8,lqr_koop_dob,noise2,0,,0.29487708510536004,0.29487708510536004,0.2858973075098412,0.3844645190596757,0.4009401429423398,0.2963429632421421,84.14674910386603,0.14716816834000687,0.6596369994440465,591
